{"type":"FeatureCollection","features":[{"type":"Feature","properties":{"id":"santuario-12","name":"Cruz de Piedra","category":"Santuario de la Naturaleza","group":"santuario","edition":"2024","decree":"34- 30.11.23","source":"MMA · Biodiversidad RM","source_file":"SN 2024.kmz","source_url":"https://biodiversidadrm.mma.gob.cl/wp-content/uploads/2024/01/AP_descarga_kmz.zip","overlap_ha":92850.6},"geometry":{"type":"Polygon","coordinates":[[[-70.29472823799995,-33.90332073099993],[-70.29504859399998,-33.90231184399993],[-70.29772364599995,-33.90030421299996],[-70.29927467699997,-33.89964306799994],[-70.30157070399997,-33.899348286999945],[-70.30113395799998,-33.89882984999997],[-70.30118140299999,-33.898171025999936],[-70.30162438199994,-33.89778758499995],[-70.30235480099999,-33.89752735799993],[-70.30333816199999,-33.89634460299993],[-70.30556687099994,-33.89507650299999],[-70.30607256499997,-33.89457514699995],[-70.30621461899995,-33.893807099999954],[-70.30589278799994,-33.892890663999935],[-70.30601574199994,-33.89222201899998],[-70.30669091899995,-33.89155653699992],[-70.30752014399997,-33.89009131299997],[-70.30831158099994,-33.88916306299997],[-70.30934591899995,-33.88542308099995],[-70.31145615099996,-33.88039136199994],[-70.31191198299996,-33.87878127099999],[-70.31250903599994,-33.878192523999935],[-70.31457045999997,-33.87720457199999],[-70.31504689299999,-33.87617301699992],[-70.31561328199996,-33.87298491199994],[-70.31719858899999,-33.87204415099994],[-70.31742731499997,-33.870912587999946],[-70.31839897299994,-33.870081018999926],[-70.31911822999996,-33.868841555999964],[-70.32045577899999,-33.86780075999996],[-70.32068287299995,-33.86656656099995],[-70.32153300399995,-33.86583891699996],[-70.32415956899996,-33.86453398699996],[-70.32479716899996,-33.86291765599998],[-70.32631062699996,-33.86095132399997],[-70.32729932499996,-33.859899085999984],[-70.32955872999997,-33.85818834299994],[-70.33104579199994,-33.85640793899995],[-70.33477451499994,-33.85283832699997],[-70.34241380699997,-33.85556902399998],[-70.349089673,-33.85858934999994],[-70.35147049499994,-33.861056773999955],[-70.35210464899995,-33.864163845999926],[-70.35289867699998,-33.86606418399999],[-70.35403798699997,-33.86712839299998],[-70.35543185099993,-33.86967923299994],[-70.35706537199997,-33.871816828999954],[-70.35942580999995,-33.87322785999992],[-70.36180425799995,-33.87576775499997],[-70.36365801999995,-33.87626048399994],[-70.36552978699996,-33.87788209399998],[-70.36655176199997,-33.88023162499995],[-70.36939657899995,-33.881123852999956],[-70.37224638399995,-33.88232389699994],[-70.37487689199997,-33.88369255799995],[-70.37472087699996,-33.88546113899997],[-70.37544135899998,-33.887046199999915],[-70.37570534599996,-33.88860888199995],[-70.37427630599996,-33.891269852999976],[-70.37382252599997,-33.89291228299993],[-70.37136894899999,-33.895064199999986],[-70.37108973699998,-33.895827259999976],[-70.37269943399997,-33.898661438999966],[-70.37284726599995,-33.89935131899994],[-70.37260087999994,-33.900238309999956],[-70.37186153799996,-33.901090233999966],[-70.36929930499997,-33.905067477999985],[-70.36860942199996,-33.90620085399996],[-70.36846159199996,-33.90684145699998],[-70.36870797699999,-33.907186399999944],[-70.36944713599996,-33.90753133999993],[-70.37077762299998,-33.90856616199994],[-70.37161533599993,-33.909551704999934],[-70.37363570199996,-33.91009375599997],[-70.37516329499994,-33.91117785499995],[-70.37629667199997,-33.91605629999997],[-70.37738399199998,-33.91742885699995],[-70.37823360099998,-33.91818043099993],[-70.37846234099999,-33.918670591999955],[-70.37837408499996,-33.91961942799997],[-70.37708219099994,-33.92130679899999],[-70.37687126999998,-33.921965929999935],[-70.37637033099998,-33.92818811299997],[-70.37330750499996,-33.93194572099998],[-70.37014598299999,-33.93520527499992],[-70.36941404799995,-33.93685106899995],[-70.36814439299997,-33.93752138999997],[-70.36753799399997,-33.93836507499997],[-70.36635155999994,-33.942662599999956],[-70.36553423899994,-33.944613624999924],[-70.36480325399998,-33.94567016299994],[-70.36247499999996,-33.94809644799993],[-70.360073222,-33.94995904899997],[-70.35889684199998,-33.950620763999936],[-70.35460795299997,-33.95214025499996],[-70.34965735099996,-33.953145080999946],[-70.34906916199998,-33.953586221999956],[-70.34692041799997,-33.956504322999926],[-70.34628765299993,-33.95758529599992],[-70.34605036699998,-33.958771728999956],[-70.34641947899996,-33.96035364099999],[-70.34634038299998,-33.962014647999986],[-70.34649857399995,-33.96243648899997],[-70.34863415399997,-33.96446660799995],[-70.34897690099996,-33.96575850399996],[-70.35047669799997,-33.96711401399995],[-70.35068491099997,-33.967686595999965],[-70.34956576899998,-33.971096076999956],[-70.34878497199998,-33.97203303199995],[-70.34782198899995,-33.97283985599994],[-70.34504848799997,-33.976120020999936],[-70.34365113399997,-33.97701643899993],[-70.34154191799996,-33.97891472999993],[-70.34022365999994,-33.979732051999974],[-70.33763987199995,-33.98010116599994],[-70.33289413799997,-33.98023299099997],[-70.33141768699994,-33.98081302299993],[-70.33002033299994,-33.98102394699998],[-70.32936120299996,-33.98131396299993],[-70.32917664699995,-33.98231583999994],[-70.32780565699994,-33.98526873999999],[-70.32775292599996,-33.989012595999945],[-70.32748927399996,-33.991016351999974],[-70.32632920499998,-33.99346831399998],[-70.32574917199997,-33.99420653799994],[-70.32452197699996,-33.994860342999964],[-70.32400906999999,-33.99541933799997],[-70.32370947199996,-33.995960348999965],[-70.32372197199999,-33.99672285299992],[-70.32284696699998,-33.99772285799996],[-70.32150555299995,-33.99846551099994],[-70.32144182199994,-33.99927384699998],[-70.32156891499994,-34.00012113599997],[-70.32270078299996,-34.00213072599997],[-70.32588311699993,-34.005502590999974],[-70.32646905699994,-34.007651039999985],[-70.32737238399994,-34.00948210499997],[-70.32754054199995,-34.01028160899994],[-70.32651376199993,-34.01052659],[-70.32548551999997,-34.01113298899998],[-70.32362079699993,-34.01244454199997],[-70.32263703999996,-34.013403448999945],[-70.32185036399994,-34.013184906999975],[-70.31967889499998,-34.01409268899995],[-70.31939358199998,-34.014048282999966],[-70.31910619499996,-34.01372212799998],[-70.31811331499995,-34.01346945699993],[-70.31755952999998,-34.01366656999994],[-70.31739665499998,-34.01404063599993],[-70.31651663499997,-34.014408405999966],[-70.31613814199994,-34.01425276299993],[-70.31429424499999,-34.01458127499994],[-70.31314753199996,-34.01402710899998],[-70.31298885199993,-34.014415470999936],[-70.31146464399997,-34.01230039299998],[-70.30991968499995,-34.01144581399996],[-70.30724035299994,-34.01136535999996],[-70.30333145199995,-34.00878316799999],[-70.29901235999995,-34.00652460399994],[-70.29468757399997,-34.00373568399993],[-70.28881155299996,-34.00251316899995],[-70.28729149999998,-34.00323688399993],[-70.28575662499998,-34.00578617299993],[-70.28359403099995,-34.008208130999954],[-70.27851458099997,-34.01055800499996],[-70.27635479999998,-34.01202395699993],[-70.27361280999997,-34.01343384299998],[-70.27287080299993,-34.02114984799994],[-70.27194456799998,-34.02318745899997],[-70.26775898499994,-34.02634866299996],[-70.26263520699996,-34.02947863199995],[-70.25310437999997,-34.03258877799993],[-70.24592627099997,-34.03637428499998],[-70.24525747499996,-34.03691736199993],[-70.24507173699993,-34.03681417399997],[-70.24490564899997,-34.03540242299994],[-70.24429112099995,-34.03450554499994],[-70.24128492199998,-34.033043967999966],[-70.23428559899997,-34.03181517299997],[-70.23311446499997,-34.03203678099994],[-70.23131961499996,-34.03168204099995],[-70.22859576499997,-34.03149934399994],[-70.22663592299995,-34.031665433999926],[-70.22597156899997,-34.03189795699996],[-70.22190212699996,-34.03024477799994],[-70.21851419799998,-34.03115055899997],[-70.21743462299997,-34.03118377599998],[-70.21580695799999,-34.030469596999964],[-70.21480595099996,-34.03024477799994],[-70.21223605699998,-34.03086820899996],[-70.21020977799998,-34.03105090599997],[-70.20980286099996,-34.031175471999966],[-70.20635652599998,-34.03405710699997],[-70.20575860799994,-34.03435606599992],[-70.20374893799993,-34.03463841599994],[-70.20140658099996,-34.03427068799994],[-70.20067630199998,-34.03437267399993],[-70.19943063799997,-34.03417336799998],[-70.19111814099995,-34.03260339299992],[-70.18989716399994,-34.032578916999974],[-70.18944872499998,-34.03272839899995],[-70.18701089899997,-34.03240006399993],[-70.18479824999997,-34.03276161599995],[-70.18416711399993,-34.03302735699997],[-70.18061282199994,-34.035252939999964],[-70.17762322999994,-34.03822592499994],[-70.17506546799996,-34.04176360899993],[-70.17393606699994,-34.04246117899992],[-70.17129670199995,-34.04349727799996],[-70.16974153699994,-34.04469899599997],[-70.16949412499997,-34.04552959499995],[-70.16999215699997,-34.047007824999966],[-70.17018246899994,-34.04844036299994],[-70.17054090799996,-34.04910440199995],[-70.17202644399998,-34.05048909999995],[-70.17325510199998,-34.05128047499993],[-70.17443433199998,-34.05299118499993],[-70.17479972699994,-34.05448597899994],[-70.17465024799998,-34.05644582499998],[-70.17497941399995,-34.058241102999936],[-70.17483294499993,-34.058953757999966],[-70.17421459499997,-34.05970700699992],[-70.17401911199994,-34.06083055899995],[-70.17277344799999,-34.06352118999995],[-70.17156100199998,-34.06518207499994],[-70.17190978799994,-34.066245040999945],[-70.17137830499996,-34.06729139699996],[-70.17120732699993,-34.069068713999975],[-70.17152680499998,-34.07005377399997],[-70.17200602499997,-34.07061286199996],[-70.17203264799997,-34.07141155999994],[-70.16962074599996,-34.07340506899993],[-70.16821958899999,-34.075705476999914],[-70.16780649099996,-34.07709377499998],[-70.16709322299994,-34.07845253999994],[-70.16519566399995,-34.079640070999965],[-70.16470154999996,-34.08112656299993],[-70.16435276499993,-34.08353484599996],[-70.16403719599998,-34.08418258999994],[-70.16159569699994,-34.08655765399993],[-70.15866423599994,-34.09335897499994],[-70.15883862899994,-34.09383232799996],[-70.15955280899993,-34.09462955199995],[-70.16142960699995,-34.09436380999994],[-70.16250918299994,-34.09443024599993],[-70.16445241799994,-34.09587521399993],[-70.16478459399997,-34.096489742999935],[-70.16483442099997,-34.097652360999966],[-70.16451885299995,-34.10017690599993],[-70.16408702299998,-34.10128969599999],[-70.16310710099998,-34.10251875199997],[-70.16197769899998,-34.10441215999997],[-70.16094210999995,-34.10525075099997],[-70.15993481199996,-34.10695331199998],[-70.15898810799996,-34.108664021999964],[-70.15813275299996,-34.11117195799995],[-70.15732722399997,-34.11128822099994],[-70.15608155999996,-34.111803092999914],[-70.15437084999996,-34.11298232199994],[-70.15035150899996,-34.114759466999935],[-70.14919982699996,-34.11494694199995],[-70.14433910899999,-34.11680235499995],[-70.14272805199994,-34.118214106999964],[-70.14163186899998,-34.120456300999926],[-70.14183757499995,-34.12070052099994],[-70.14297597399997,-34.12079450899996],[-70.14404014999997,-34.12113726399996],[-70.14611625399993,-34.123113714999924],[-70.14903941099993,-34.12422650699996],[-70.15026846599994,-34.12445903199995],[-70.15176326099999,-34.126834095999975],[-70.15387049599997,-34.12853466899998],[-70.15453693899997,-34.12877733099999],[-70.15611477799996,-34.12891020099994],[-70.15669608799993,-34.12912611499996],[-70.15721096199997,-34.12960777299998],[-70.15765940099993,-34.13045482299998],[-70.15839018999998,-34.13303749899994],[-70.16151265099995,-34.13399250699996],[-70.16182336099996,-34.13529245999995],[-70.16282474999997,-34.13744714599995],[-70.16399520399995,-34.13848568699996],[-70.16418341799994,-34.13896668199993],[-70.16407272199997,-34.13977793899994],[-70.16453078199999,-34.14011627799994],[-70.16456429799996,-34.14078556399994],[-70.16310565999999,-34.14308867499992],[-70.16275573999997,-34.144771373999944],[-70.16188226699995,-34.14677712599997],[-70.16062058599994,-34.14836231599997],[-70.16032942899994,-34.149235787999935],[-70.16045883199996,-34.15020631399994],[-70.16220577599995,-34.152794379999925],[-70.16436395199997,-34.154361852999955],[-70.16504479199995,-34.15450992499995],[-70.16722707499997,-34.1541400479999],[-70.16770791499994,-34.154177035999965],[-70.16800675999997,-34.15463731399996],[-70.16685719599997,-34.15587847699992],[-70.16581083699998,-34.157705931999935],[-70.16545165799994,-34.159207382999966],[-70.16479614599996,-34.15975277499996],[-70.16430621999996,-34.15971720199997],[-70.16210325999998,-34.158771295999934],[-70.15965995699997,-34.15880112099995],[-70.15882504999996,-34.15892330299993],[-70.15785137199998,-34.15949352499995],[-70.15533750599997,-34.160430045999924],[-70.15384193999995,-34.16128465499996],[-70.15324762399996,-34.16357080599993],[-70.14977674799997,-34.16701226599998],[-70.14962967599996,-34.167718207999926],[-70.15004147599996,-34.16927716099996],[-70.14983557699998,-34.170071342999954],[-70.14808640699994,-34.17140283799995],[-70.14757511199997,-34.172091116999965],[-70.14626748899998,-34.17285710999994],[-70.14580524699994,-34.17350701099997],[-70.14558892999997,-34.17614214599997],[-70.14576591599996,-34.17702707799997],[-70.14735879599993,-34.179504889999976],[-70.14734682999995,-34.17994990799996],[-70.14688626199995,-34.18019895599997],[-70.14449386299998,-34.18050040499997],[-70.14307998899994,-34.18108952099994],[-70.14227486399994,-34.18179645699996],[-70.13998435499997,-34.18477515699992],[-70.13820390999996,-34.18590269099996],[-70.13536303899997,-34.18819689799993],[-70.13426178799995,-34.18872785799995],[-70.13166598499998,-34.18935714299994],[-70.13085971299995,-34.189298146999924],[-70.12826390999999,-34.18853120599992],[-70.12208904399995,-34.18868852599996],[-70.11946601099999,-34.18930022199993],[-70.11867484499999,-34.18932050799998],[-70.11744806399997,-34.19020274599996],[-70.11638614399993,-34.192346247999986],[-70.11593384299994,-34.19376214099998],[-70.11581585299996,-34.19732153899997],[-70.11526522799994,-34.19932738599994],[-70.11524570599994,-34.20054426999997],[-70.11264975999995,-34.20176586699995],[-70.10730083099998,-34.20302443999997],[-70.09273520699998,-34.20317887499994],[-70.09126241999996,-34.20254066799998],[-70.08947052799994,-34.20276158499996],[-70.08819411399998,-34.20268794599997],[-70.08709393899994,-34.20213380499995],[-70.08360951399999,-34.20103226999997],[-70.08292424799998,-34.20051016099994],[-70.08220634699995,-34.19927015599994],[-70.08087513699996,-34.19916514899995],[-70.07933879599994,-34.19855061099999],[-70.07774099999995,-34.19818188999994],[-70.07678846799996,-34.198396977999955],[-70.07598956999993,-34.199902591999944],[-70.07531357999994,-34.20042494899997],[-70.07279397899998,-34.20150038799995],[-70.07187217399996,-34.20223783199997],[-70.06979235899996,-34.20476119899997],[-70.06910869899997,-34.20597787999998],[-70.06744750999997,-34.20675467699993],[-70.06664861199994,-34.20918209699993],[-70.06449773299994,-34.210902799999936],[-70.06382174299995,-34.21182460599994],[-70.06271557599996,-34.212777136999925],[-70.05897239299998,-34.21768069299998],[-70.05663166299996,-34.21901468499992],[-70.05657020899997,-34.22027448499995],[-70.05580203799997,-34.22168791899998],[-70.05274735199998,-34.22336910399998],[-70.05259177399995,-34.22386111899992],[-70.05079356299996,-34.22571313499997],[-70.05042483999995,-34.22669639399992],[-70.05025145399998,-34.228983861999936],[-70.05143882699997,-34.235914443999945],[-70.05134664699995,-34.23748151399996],[-70.05039411399997,-34.24107655399995],[-70.04928794799997,-34.24347324699994],[-70.04944158199999,-34.24451795999993],[-70.05089846299995,-34.24914467999997],[-70.05190187199997,-34.251535595999925],[-70.05186900199993,-34.25481144999996],[-70.05213592499996,-34.25592028799997],[-70.05232990499997,-34.25634779199993],[-70.05395842699994,-34.25791485999998],[-70.05420424199997,-34.25865230499994],[-70.05380479299998,-34.26147917399994],[-70.05374333899994,-34.264705491999955],[-70.05263717299994,-34.26605747199994],[-70.05254499199998,-34.266825643999944],[-70.05251426499996,-34.26774744799997],[-70.05343424499995,-34.270871259999986],[-70.05260250899994,-34.27241301599997],[-70.05282565699997,-34.27413734699996],[-70.05211481699996,-34.27573642599999],[-70.05254827399995,-34.27654039999994],[-70.05336259499995,-34.277277119999944],[-70.05336301199998,-34.27886239999999],[-70.05311859199998,-34.27979934699994],[-70.05222238099998,-34.28041039899994],[-70.04985964599996,-34.28053260799992],[-70.04759797099996,-34.28108289599993],[-70.04690950799994,-34.280776554999925],[-70.04578508799995,-34.28102144199994],[-70.04408427599998,-34.28193233099994],[-70.04326028099996,-34.28277313399997],[-70.04149674299998,-34.28371305399997],[-70.03928663299996,-34.284431610999945],[-70.03734724399999,-34.28446305199998],[-70.03530723599994,-34.28590700899997],[-70.03397972499994,-34.28636996099994],[-70.03274226299999,-34.28716112399997],[-70.03093027699998,-34.28769317199994],[-70.03070783599998,-34.28747074299996],[-70.02982981499997,-34.28747788199997],[-70.02608787399998,-34.28632860199997],[-70.02490172699999,-34.28550869599997],[-70.02457453699998,-34.28309491499993],[-70.02348950299995,-34.28197418899996],[-70.02249012899995,-34.281474502],[-70.02053563999993,-34.28155730799993],[-70.01932925299997,-34.281278908999965],[-70.01899142899998,-34.28097006999997],[-70.01880101299997,-34.279972585999936],[-70.01978325399995,-34.276961615999944],[-70.01962906599994,-34.27616068999998],[-70.01879815799998,-34.27579092099997],[-70.01679940899999,-34.27574809099996],[-70.01504336799997,-34.27456311999998],[-70.01441518999997,-34.273199686999924],[-70.01374418299997,-34.27232880399998],[-70.01365852099997,-34.27142936899998],[-70.01273172099997,-34.26877032199996],[-70.01217492799998,-34.26809931399998],[-70.01128976799998,-34.266271887999956],[-70.01066158999998,-34.26582930799999],[-70.00966221699997,-34.26545811199998],[-70.00855862299994,-34.26531677199995],[-70.00682554199994,-34.265748524999935],[-70.00611729599996,-34.26555947599995],[-70.00557477899997,-34.26484563699996],[-70.00551767199994,-34.26414607699995],[-70.00478955699998,-34.26268984699991],[-70.00327907499997,-34.26155056099997],[-70.00231824799994,-34.26113938999998],[-69.99944147999997,-34.26109655999994],[-69.99648618899994,-34.26052548999997],[-69.99323108699997,-34.26134640299994],[-69.99055561999995,-34.26116794299998],[-69.98998454899998,-34.26086813099994],[-69.98795724899998,-34.261310709999975],[-69.98741538699994,-34.26127419999994],[-69.98602274799998,-34.26055118799998],[-69.98547309199995,-34.260037223999966],[-69.98510189599995,-34.259366214999936],[-69.98490202199997,-34.257895707999985],[-69.98417104999999,-34.25541226599995],[-69.98327940699994,-34.25432783999997],[-69.98119862899995,-34.25321435599993],[-69.97925698799997,-34.25257190199995],[-69.97622454299994,-34.25200572399996],[-69.97515527399997,-34.25116849699998],[-69.97428438999998,-34.25079016199992],[-69.97309941899994,-34.24962660599995],[-69.97239985799996,-34.24978365099997],[-69.97145045199994,-34.249690851999965],[-69.96897343399996,-34.25009773899995],[-69.96782999999994,-34.25066999899997],[-69.96667201799994,-34.25176812099992],[-69.96474179999996,-34.25256048099994],[-69.96284584399996,-34.253666929999966],[-69.96219768099996,-34.25429510799995],[-69.958882616,-34.25598690499994],[-69.95730503299995,-34.25754307299997],[-69.95659119399994,-34.25785716099995],[-69.95529200899995,-34.259070686999955],[-69.95419983599999,-34.25974169399997],[-69.95079301299995,-34.26368422399996],[-69.95034329499998,-34.264590797999965],[-69.94932250699998,-34.26513331499995],[-69.94858011399998,-34.266154103999945],[-69.94794337099995,-34.26638610199996],[-69.94671414099997,-34.267631748999975],[-69.94579971499996,-34.27007950099995],[-69.94292937099993,-34.27099249999997],[-69.94262955899995,-34.27129231299994],[-69.94098059199996,-34.27380502199999],[-69.94067364199998,-34.274740150999925],[-69.94044378499996,-34.27633058299995],[-69.94002975899997,-34.27735850999996],[-69.94014397299998,-34.27835788399995],[-69.94065079799998,-34.27953571699993],[-69.94055799999995,-34.27993546599998],[-69.94022249599993,-34.28019244799998],[-69.93871272799998,-34.27985694399997],[-69.93771692299998,-34.27988549699996],[-69.93422767999994,-34.28090771399996],[-69.93161503399995,-34.28105048199995],[-69.93055855299997,-34.28133601799994],[-69.92919738199998,-34.28230493399997],[-69.92779825899999,-34.28277130799995],[-69.92639575999993,-34.28276204199995],[-69.92609456499997,-34.28289503899998],[-69.92521348799994,-34.284323343],[-69.92319162199993,-34.285393473999925],[-69.92350095199998,-34.28689253499993],[-69.92316782799998,-34.28801088099993],[-69.92240164099996,-34.289095915999944],[-69.92106914299995,-34.28988113699995],[-69.92004597499994,-34.289904931999956],[-69.91892762899994,-34.28961939699996],[-69.91816619999997,-34.28973836899997],[-69.91704785299999,-34.28938145099994],[-69.91545361499995,-34.28931006699997],[-69.91435906399994,-34.28952421899994],[-69.91283620799999,-34.29028564599997],[-69.90936219499997,-34.29102327899995],[-69.90883871399996,-34.290928099999974],[-69.90822766799994,-34.29038320399998],[-69.90616467499996,-34.28919109299994],[-69.90539372899997,-34.288470117999964],[-69.90340925899994,-34.28753498899994],[-69.90202013099997,-34.28669837099994],[-69.90149188999999,-34.28617726799995],[-69.90056389999995,-34.28581321099995],[-69.89969515899998,-34.28508937899994],[-69.89785607299996,-34.28467344899997],[-69.89807974299998,-34.28385015499998],[-69.89803691299996,-34.28162726199997],[-69.89865081299996,-34.27975700599996],[-69.89830103299994,-34.27853348799994],[-69.89814398799996,-34.276577570999955],[-69.89847235299999,-34.27509278699995],[-69.89851518399996,-34.27372221799993],[-69.89892920999995,-34.27287988799997],[-69.89928969899997,-34.27089541799995],[-69.89930754399995,-34.26978182999994],[-69.89786559099997,-34.26751753499997],[-69.89732992999996,-34.26581599699993],[-69.89602388899993,-34.26495485499993],[-69.89330416499996,-34.265026238999944],[-69.89187648699993,-34.26476925799994],[-69.88684249999994,-34.26515473099994],[-69.88610486799996,-34.26486919499995],[-69.88517211899995,-34.264050660999935],[-69.88435358299995,-34.263612840999926],[-69.88286879999998,-34.26485015799994],[-69.87988019799997,-34.26637301499995],[-69.87872853799996,-34.26671565599996],[-69.87365552799997,-34.26682035299996],[-69.87164726099996,-34.26712492399998],[-69.86964699699996,-34.265649208999946],[-69.86696924199998,-34.26564109199994],[-69.86668846499998,-34.26530891999993],[-69.86622057399995,-34.26380750699996],[-69.86518780599994,-34.26326540899998],[-69.86400283499995,-34.26322257899993],[-69.86181848999996,-34.26397924699996],[-69.86138399899994,-34.26387454999998],[-69.86067016199996,-34.26330347899995],[-69.85963271699997,-34.26151888399994],[-69.85854768199994,-34.26173779599996],[-69.85722470199994,-34.261452259999935],[-69.85623865299993,-34.261554099999955],[-69.85588649299996,-34.26068797599992],[-69.85573420699995,-34.25954583599997],[-69.85472531699997,-34.25861308699996],[-69.85426845999996,-34.25792780199998],[-69.85395436999994,-34.25601471599997],[-69.85093721399994,-34.25632880399996],[-69.84899557399996,-34.25697601599996],[-69.84779632599998,-34.25712830299995],[-69.84553107799996,-34.25712830299994],[-69.84338956399995,-34.25653819699992],[-69.84102913799995,-34.25670951799997],[-69.83766696099997,-34.25604862299996],[-69.83671517599998,-34.25642933599994],[-69.83502099999998,-34.25582971199999],[-69.83373450899995,-34.25601341199995],[-69.83178144599998,-34.25568219099995],[-69.83057077699993,-34.25626468199993],[-69.83035725699995,-34.25657210399993],[-69.82901523999993,-34.25659113899997],[-69.82774279999995,-34.25605811399999],[-69.82758375599997,-34.25578021899998],[-69.82716496999996,-34.254086042999965],[-69.82759327399998,-34.253039079999944],[-69.82736484599997,-34.25199211799997],[-69.82535848499998,-34.25015326999995],[-69.82467319999996,-34.24921100399995],[-69.82394984299998,-34.24870655799998],[-69.82016174199998,-34.24824970099997],[-69.81692567499994,-34.24687913199994],[-69.81624038999996,-34.24686009599998],[-69.81521246299997,-34.24722177299998],[-69.81342691499998,-34.24740451699995],[-69.81265596999998,-34.24777571199995],[-69.81155189999998,-34.24738547999992],[-69.81051445499997,-34.247242712999935],[-69.80768765599998,-34.24800414099997],[-69.80721652199998,-34.247913720999975],[-69.80724983399995,-34.24747114099996],[-69.80704995999997,-34.247223676999965],[-69.80605058599997,-34.24712849899996],[-69.80624094299998,-34.24621478499994],[-69.80606962199994,-34.24532010899998],[-69.80501314099996,-34.24286831199997],[-69.80500124399998,-34.24203550099996],[-69.80528677999996,-34.24165478799994],[-69.80523918999995,-34.24058402999997],[-69.80353589099997,-34.23788333999994],[-69.80280777799999,-34.236255789999966],[-69.80233664299993,-34.23458540799992],[-69.80269356299995,-34.23365741799997],[-69.80447815899998,-34.23204414399993],[-69.80504922999995,-34.231184681999935],[-69.80504922999995,-34.22911455099995],[-69.80539187199997,-34.226701777999956],[-69.80511334599998,-34.226467696999975],[-69.80396419499993,-34.226373411999916],[-69.80269356299995,-34.226002216999966],[-69.80170093199996,-34.22553203499996],[-69.801322993,-34.22248299399997],[-69.79946701299997,-34.22144792799997],[-69.79901015699994,-34.22075550499994],[-69.79869606899996,-34.21940635099996],[-69.79882455999996,-34.21880672699996],[-69.80026651299994,-34.21710779099994],[-69.80052349499994,-34.21652244399996],[-69.79988103999995,-34.21468074199998],[-69.79955981199998,-34.21444517399992],[-69.79804504799995,-34.21187868799995],[-69.79743590599998,-34.20942498699997],[-69.79737879799995,-34.208758738999954],[-69.79762150399995,-34.208016346999955],[-69.79921574299993,-34.20563688599997],[-69.79940237199997,-34.20491923999997],[-69.79971186099993,-34.20223425699994],[-69.80027698199996,-34.20086606699993],[-69.80087184799999,-34.19749020599992],[-69.80072313199997,-34.19460510999994],[-69.80265644299993,-34.19249333799996],[-69.80381643099997,-34.191720013999934],[-69.80414360699996,-34.191273863999974],[-69.805333337,-34.19061951199995],[-69.80693947399993,-34.189162092999936],[-69.80815894699998,-34.18856722699996],[-69.81129969399996,-34.18553867899994],[-69.81162622099998,-34.185071142999945],[-69.81257940499995,-34.18231141099993],[-69.81381016699999,-34.18077746699997],[-69.81500882099994,-34.17775852499993],[-69.81599034899995,-34.17671751199996],[-69.81691238899998,-34.17633084799997],[-69.81786417399996,-34.17618213299994],[-69.81955953999994,-34.175408807999936],[-69.81991645799997,-34.174992401999916],[-69.82092772999994,-34.174457022999945],[-69.82220668999999,-34.17323754999995],[-69.82304763399998,-34.17165098299994],[-69.82306039999997,-34.17128783099997],[-69.82373906299995,-34.17051330499992],[-69.82576636399995,-34.16952820799996],[-69.82744150399999,-34.16806222199995],[-69.82836354499995,-34.16788376299996],[-69.82976147899996,-34.16809196499998],[-69.83079178599996,-34.167786440999976],[-69.83232177799994,-34.167783349999986],[-69.83314745199993,-34.16740096999997],[-69.83361858499995,-34.166315935999926],[-69.83481168899993,-34.16554052699996],[-69.83497487799997,-34.16524517899995],[-69.83548884099997,-34.16354624299998],[-69.83480240999995,-34.162642250999966],[-69.83503971899995,-34.16046388799998],[-69.83616758299996,-34.15843658899996],[-69.837173303,-34.15786544899992],[-69.83830429099999,-34.15784310599997],[-69.83908829599994,-34.15745692999996],[-69.83972503799998,-34.15681732999997],[-69.84012478899996,-34.15598356799996],[-69.84189510699997,-34.15454446799998],[-69.84370452599995,-34.15390609499997],[-69.84498764999995,-34.153105406999934],[-69.84622675499998,-34.152777635999946],[-69.84722505599996,-34.15199907599997],[-69.84935836299996,-34.15140611399995],[-69.85043625899993,-34.149721454999955],[-69.85366713499997,-34.14722975199993],[-69.85553163599997,-34.14696746799995],[-69.85576720399996,-34.14675331599994],[-69.85565655799996,-34.14635713599996],[-69.855860002,-34.14593240099998],[-69.85841982599999,-34.14409498099996],[-69.86011875999998,-34.14261019899994],[-69.86063438899998,-34.14189279199996],[-69.86240304399996,-34.14146091899994],[-69.86373078299994,-34.14042585299996],[-69.86493003099997,-34.14081846399995],[-69.86504424599997,-34.14158227199994],[-69.86527196099996,-34.141861857999956],[-69.86667393799996,-34.14199153799994],[-69.86792315599996,-34.14190230999998],[-69.86872622399994,-34.14163461899992],[-69.86931870999996,-34.14113017399995],[-69.86991119599998,-34.1409933539999],[-69.87011820799995,-34.14029022399997],[-69.86963279799996,-34.13955972999997],[-69.86993255699997,-34.13727401499993],[-69.87084073499994,-34.13564063699994],[-69.87255017999996,-34.134180090999955],[-69.87333404999998,-34.13244633099998],[-69.87324838799998,-34.13177532299994],[-69.87149234699996,-34.130419029999985],[-69.87148520899996,-34.12950531699993],[-69.87182784999999,-34.12896279899995],[-69.87174218999996,-34.12772072199994],[-69.87099979899995,-34.126664238999986],[-69.87099265999996,-34.12433141699995],[-69.87078564699993,-34.124053019999955],[-69.87012948899996,-34.12349955899998],[-69.86907243399997,-34.122967984999946],[-69.86630928499994,-34.12266448499998],[-69.86472813399996,-34.121649407999925],[-69.86373284999996,-34.12144521499994],[-69.86322409799993,-34.12107948499993],[-69.86274965199993,-34.11977073599996],[-69.86109450299995,-34.11837285399995],[-69.85684573699996,-34.116134257999946],[-69.85640030199994,-34.115243387999946],[-69.85682088799996,-34.11297853299994],[-69.85777999899994,-34.111649998999944],[-69.85775999999998,-34.11042999899996],[-69.85856999999999,-34.10782999799995],[-69.85890291699997,-34.10727972299996],[-69.85940854999996,-34.10543564099992],[-69.86024136299994,-34.104067450999935],[-69.86029999999994,-34.10349999899995],[-69.86003999999997,-34.103179998999956],[-69.85869471399997,-34.10278849099996],[-69.85780241499998,-34.102282854999935],[-69.85729677999996,-34.101866449999925],[-69.85717780699997,-34.10127158499995],[-69.85618999999997,-34.10010999899999],[-69.85473999999994,-34.09970999799997],[-69.85294236599998,-34.09859766599993],[-69.85163441899994,-34.098708968999965],[-69.85049227899998,-34.09851861199996],[-69.84832311799994,-34.09770703199996],[-69.84741654399994,-34.09763564899998],[-69.84463257399995,-34.09677904299997],[-69.84201992699997,-34.09553696499995],[-69.84169156099995,-34.095294259999925],[-69.84091490399999,-34.09385373399994],[-69.84022807399998,-34.09316035899997],[-69.83957288799996,-34.09181215699994],[-69.83894471099995,-34.09142668399992],[-69.83817221999993,-34.09133293199994],[-69.83672691899994,-34.08934533399997],[-69.83539632399999,-34.08887705499995],[-69.83410360399995,-34.08741385499997],[-69.83429048499994,-34.08569456199996],[-69.83384790599996,-34.08199687899997],[-69.83416675199999,-34.080205620999955],[-69.83399543299998,-34.07885408699997],[-69.83437614599995,-34.07689341199995],[-69.83361471899997,-34.07470049999994],[-69.83239643399997,-34.072777895999934],[-69.83224414899996,-34.07159768299993],[-69.83313882599998,-34.07055071999997],[-69.83350050399997,-34.07043650599995],[-69.834871073,-34.07110275599996],[-69.83567057299996,-34.071236004999946],[-69.83774546099995,-34.07100757599994],[-69.84012492399995,-34.071007576999946],[-69.84182005199995,-34.070446022999924],[-69.84431467899998,-34.07031753199993],[-69.84529263699994,-34.069932059999914],[-69.84580326999998,-34.06926581099997],[-69.84877830899995,-34.06810082699996],[-69.84923445299995,-34.06660271899995],[-69.85002324299995,-34.06588531099991],[-69.85098335599997,-34.06381874999994],[-69.85080685099996,-34.06187297399998],[-69.85149731999996,-34.060845850999954],[-69.85371021799995,-34.05891848799997],[-69.85415117999997,-34.058049977999936],[-69.85448116399994,-34.05633439299993],[-69.85453827099998,-34.05595605899998],[-69.85411234699995,-34.05530170699997],[-69.84937038599998,-34.05112064699994],[-69.84936532199998,-34.05033101299994],[-69.84901316299994,-34.049598137999965],[-69.84843983199994,-34.046899591999924],[-69.84772878799998,-34.045985283999975],[-69.84742618099996,-34.04517210299997],[-69.84734051999999,-34.04298775799996],[-69.84692649399994,-34.04125312999997],[-69.84580576799993,-34.03958036899995],[-69.84488372599998,-34.03877492199996],[-69.84477783999995,-34.038152691999976],[-69.84407114099997,-34.03728323799993],[-69.84378368499995,-34.03641477099994],[-69.84599622199994,-34.03638774999996],[-69.84758150799996,-34.03610171299993],[-69.85249208399995,-34.034746565999974],[-69.85428765899997,-34.03380971599994],[-69.85633991299994,-34.03315513299998],[-69.85804115499997,-34.03297643199994],[-69.85852431599994,-34.032382353999935],[-69.85982292899996,-34.03138576299996],[-69.86151825499996,-34.03092748499994],[-69.86360394699994,-34.03074601399991],[-69.86462365499995,-34.03086059699996],[-69.86660710999996,-34.03191080899996],[-69.86921213999995,-34.03273113499995],[-69.87143183599994,-34.033734505999966],[-69.87347772699997,-34.033859775999936],[-69.87449650399998,-34.034208761999935],[-69.87578163099994,-34.03326620999995],[-69.87678355799994,-34.032898334999956],[-69.87991102799998,-34.03357041199995],[-69.88580172699994,-34.03244140199997],[-69.88654739799995,-34.03214292999997],[-69.88740211399994,-34.03210970999991],[-69.88811195299996,-34.03178443199994],[-69.88948740599994,-34.03168205199994],[-69.88979615899996,-34.03027520199999],[-69.89043471699995,-34.02902604099995],[-69.89098680699993,-34.028476428999966],[-69.89166152699994,-34.02822804099996],[-69.89204047199996,-34.02743618299998],[-69.89272094199998,-34.02735007899997],[-69.89291801999997,-34.02696987499996],[-69.89351289399997,-34.02692046299995],[-69.89414658999993,-34.02647395499997],[-69.89451216999998,-34.02647580599994],[-69.89467453499998,-34.02688496199994],[-69.89504817799997,-34.026945371999936],[-69.89551911599995,-34.02673001099997],[-69.89589533699996,-34.02603736299995],[-69.89669231199997,-34.02573394699993],[-69.89821164999995,-34.02559660199996],[-69.89968793899999,-34.02410679399998],[-69.90004592499997,-34.02406359099996],[-69.90135226299998,-34.02414420799993],[-69.90248385299998,-34.02399161499994],[-69.90356211099999,-34.02420464899996],[-69.90468456499997,-34.02398897299996],[-69.90596395799997,-34.02424108799995],[-69.90696453999993,-34.02376926599994],[-69.90889246899998,-34.023610738999935],[-69.91028064899996,-34.02397022599997],[-69.91127674099994,-34.02390422899998],[-69.91173208299995,-34.02419846099997],[-69.91254140399997,-34.024106783999976],[-69.91358511599998,-34.024441732999954],[-69.91457125099998,-34.02436225699995],[-69.91543757799997,-34.02459930799994],[-69.91908259699994,-34.026326195999964],[-69.91948982699996,-34.026706432999966],[-69.92031813599993,-34.02689864099994],[-69.92162040599999,-34.02791247399994],[-69.92226804199998,-34.028110532999946],[-69.92336491499998,-34.02786105899996],[-69.92448063499995,-34.02718080899996],[-69.92752546199995,-34.02674529099993],[-69.92922531699998,-34.02671442099995],[-69.93284803899996,-34.02609178199998],[-69.93418803099996,-34.025768810999985],[-69.93573768999994,-34.025002805999975],[-69.94044645299994,-34.02383133499993],[-69.94197279399998,-34.02312774399998],[-69.94413756999995,-34.02105165699992],[-69.94548243599996,-34.020259949999975],[-69.94604954199997,-34.01967968999998],[-69.94610587399995,-34.01853391499996],[-69.94544230299994,-34.016622602999966],[-69.94587212899995,-34.01607368199994],[-69.94586132699999,-34.015099774999946],[-69.94646696599995,-34.01389566299997],[-69.94796113599995,-34.012220253999956],[-69.94814339899995,-34.01004540599997],[-69.95031933399997,-34.00785065899997],[-69.95169641699994,-34.00801136199994],[-69.95211337999996,-34.008409455999974],[-69.95369623299996,-34.00850992299996],[-69.95452700799996,-34.009022037999955],[-69.95610795399995,-34.00895113799992],[-69.95659171299998,-34.00917734799997],[-69.95749726099996,-34.01019840199996],[-69.95839386499995,-34.01042138899992],[-69.95945744099998,-34.00999373999998],[-69.96058954599995,-34.010002939999936],[-69.96154712199996,-34.009540026999964],[-69.96260854199994,-34.00928371699995],[-69.96402046699995,-34.00934931499994],[-69.96730157799993,-34.00760554499993],[-69.96894433099999,-34.00696132499996],[-69.96969965199997,-34.00684264199999],[-69.97245385299993,-34.00716359699992],[-69.97362192799994,-34.00709573599993],[-69.97458001699994,-34.00668682899994],[-69.97696880599995,-34.00512121999999],[-69.97793145499998,-34.00511356899993],[-69.98108824399998,-34.00457438099994],[-69.98225300399997,-34.00422238599998],[-69.98306569399995,-34.003124664999966],[-69.98462260699995,-34.00296091199994],[-69.98532578499999,-34.002362561999966],[-69.98840313199997,-34.00090845499994],[-69.98909065399994,-34.00090292799995],[-69.99039036699997,-34.00031980199997],[-69.99135096899994,-34.000140713999926],[-69.99486658399996,-34.00091496799996],[-69.99589181399995,-34.000388113999975],[-69.99671840699995,-34.00049865799996],[-69.99824283599997,-34.00151439399998],[-69.99824684499998,-34.001857060999946],[-69.99864699399996,-34.00234961199993],[-70.00005448299999,-34.003560382999964],[-70.00199318299997,-34.004689939999935],[-70.00323465299994,-34.00502702999996],[-70.00455317399997,-34.006044363999926],[-70.00629845499998,-34.00826665699999],[-70.00770604899998,-34.01100122899992],[-70.01234441899999,-34.013596500999945],[-70.01355203199995,-34.01685120299992],[-70.01403835799994,-34.01724851199998],[-70.01425195799999,-34.01787803599996],[-70.01591942199997,-34.01929368199994],[-70.01614090199996,-34.02055442199999],[-70.01696936399998,-34.02083165099997],[-70.01725337899995,-34.02157331699993],[-70.01891897199994,-34.02282209599998],[-70.01892716299994,-34.02350742199997],[-70.01852456199998,-34.02437201099996],[-70.01860109099994,-34.02499815199995],[-70.019227684,-34.02565580799994],[-70.01891976799993,-34.02685329099996],[-70.02048763699997,-34.02954127999994],[-70.02233740699997,-34.03097335799998],[-70.02327013699994,-34.03234089399995],[-70.02355964899994,-34.03356046799995],[-70.02348748399999,-34.03516182099998],[-70.02358618499994,-34.03576973699996],[-70.02405185899994,-34.03637910599997],[-70.02406285899997,-34.037294373999934],[-70.02425053399998,-34.037671578999955],[-70.02489658099995,-34.03804947499997],[-70.02546555499998,-34.039645481999955],[-70.02574259899995,-34.03979648199993],[-70.02560624999995,-34.04132171499997],[-70.02575639899999,-34.042348550999975],[-70.02523284299997,-34.04458495099993],[-70.02630261499996,-34.04772792199997],[-70.02597588499998,-34.04916005099994],[-70.02469570599999,-34.05140726899998],[-70.02430433299998,-34.05318262799993],[-70.02259347899997,-34.05394539199995],[-70.02170893099998,-34.054750865999935],[-70.021871816,-34.056868813999984],[-70.02161100599994,-34.05807492399999],[-70.02156288699996,-34.05979330899993],[-70.02041813499994,-34.06186349899996],[-70.01851898299998,-34.06416989799994],[-70.01860347199994,-34.065485867999925],[-70.01910791999995,-34.06737101799995],[-70.01885870099994,-34.06955099899993],[-70.01898811999996,-34.070256135999934],[-70.02075480499997,-34.07274126199998],[-70.02131093599996,-34.07319657399996],[-70.02277858199994,-34.07507369499996],[-70.02340207399993,-34.075411196999944],[-70.02629066499998,-34.07527437799996],[-70.03195423499994,-34.07694492399996],[-70.03341946999996,-34.07773883899995],[-70.03500887099995,-34.07915124999994],[-70.03582402299998,-34.08060389499996],[-70.03654529499994,-34.08096900299995],[-70.03792370099995,-34.08112871199994],[-70.039991817,-34.08204462399994],[-70.04063560799995,-34.08339640799994],[-70.04175208499998,-34.084649498999966],[-70.04397030599995,-34.08594733299997],[-70.04521268699995,-34.08622084399997],[-70.04603489699997,-34.085929772999975],[-70.04782519999998,-34.085973135999936],[-70.04962645999996,-34.08693172799997],[-70.05058494599996,-34.08785692099997],[-70.05107567399995,-34.08908371199992],[-70.05326454499993,-34.09099937299994],[-70.05375331599998,-34.09209089499996],[-70.05392384399994,-34.09305888999994],[-70.05464611399998,-34.093910512999976],[-70.05573259299996,-34.09413907199997],[-70.05695488899994,-34.09474630699998],[-70.06123632099997,-34.095016014999935],[-70.06502736899995,-34.09410393199996],[-70.06534406199995,-34.09410118499994],[-70.06630166199994,-34.094665532999954],[-70.06745475599996,-34.09394984499993],[-70.06798101899994,-34.09381676199995],[-70.06889593099999,-34.09389447599996],[-70.07103806199996,-34.09348352699994],[-70.07358681999995,-34.09338011699996],[-70.07475370899994,-34.09281078599998],[-70.07625942599998,-34.09246393099995],[-70.07668505999999,-34.091648562999964],[-70.07805519899995,-34.091217200999935],[-70.07863560999994,-34.090682287999975],[-70.08189734599995,-34.08992989799998],[-70.08297025599995,-34.08988888099997],[-70.08628169499997,-34.089201318999976],[-70.08733980699998,-34.08883571699994],[-70.08783514399994,-34.088324291999974],[-70.08796631299998,-34.08721574899993],[-70.089132481,-34.086402986999936],[-70.08965391899994,-34.08519894599992],[-70.09068184699998,-34.08426996999998],[-70.09084052399999,-34.083569651999944],[-70.09257920499994,-34.08191740299998],[-70.09304606199998,-34.080767940999976],[-70.09384978299994,-34.079965992999966],[-70.09467605499998,-34.07949473999997],[-70.09524028599998,-34.07877389199995],[-70.09520995899999,-34.07776816099993],[-70.09656538199994,-34.07574817499994],[-70.09928787799998,-34.07252727099997],[-70.10042781599998,-34.07157957599999],[-70.10034408699994,-34.07033639499996],[-70.10264801099999,-34.06843881299994],[-70.10319668199998,-34.06744754399994],[-70.10381077699998,-34.06704072099996],[-70.10537668999996,-34.06660034699996],[-70.10634256699996,-34.065931261999935],[-70.10709856099999,-34.065865834999975],[-70.10846121399999,-34.06482547799993],[-70.11037155799994,-34.06389005399996],[-70.11237588899996,-34.062484192999925],[-70.11304657799997,-34.061702649999965],[-70.11434549599994,-34.060883043999965],[-70.11485646699998,-34.06034408099999],[-70.11527863799995,-34.05974373499998],[-70.11575839599993,-34.05806913299995],[-70.11524184299998,-34.05737359399997],[-70.11538487599995,-34.056059845999975],[-70.11525152199994,-34.055564092999916],[-70.11644796299998,-34.05319381699995],[-70.11623233999997,-34.05238190499994],[-70.11633478499994,-34.05155340799996],[-70.11701232699994,-34.04950641599994],[-70.11681954899996,-34.048076921999936],[-70.11719762699994,-34.04758717799996],[-70.11718550099994,-34.04666268499994],[-70.11792728399996,-34.04585064199997],[-70.11777016799994,-34.04567066699997],[-70.11801597299996,-34.04441819299996],[-70.11792494299993,-34.04397291099997],[-70.11845203999997,-34.043355518999924],[-70.11843940999995,-34.04167720199995],[-70.11880885299996,-34.04093747799993],[-70.11806296899994,-34.03810310999995],[-70.11878061199997,-34.03716353699997],[-70.11841377799993,-34.03651070399998],[-70.11834460799997,-34.03582178499994],[-70.11918580199995,-34.03528081499995],[-70.11822317999997,-34.03440950399994],[-70.11841358899994,-34.03376671799996],[-70.11815345199994,-34.03305326099996],[-70.11871640299995,-34.03227266499993],[-70.11787395599998,-34.03026054799993],[-70.11930209099995,-34.028612288999966],[-70.11971865299995,-34.02757135599995],[-70.12077155199995,-34.02656915399996],[-70.12100657599996,-34.025822718999954],[-70.12078109399994,-34.02467929299997],[-70.12157015699995,-34.02192333399995],[-70.12123330899993,-34.02071427699997],[-70.12128132599997,-34.02000755999997],[-70.12241977199994,-34.018546436999934],[-70.12330858499996,-34.01640993699992],[-70.12341199899998,-34.01555954799994],[-70.12299189099997,-34.01499072399995],[-70.12245144799994,-34.01321328699993],[-70.12271548799998,-34.01263719999997],[-70.12323126399997,-34.01210033399995],[-70.12372308799996,-34.01195070699998],[-70.12587415599995,-34.01192927599994],[-70.12698313099997,-34.00977220299995],[-70.12733276099993,-34.009558463999944],[-70.12837755999993,-34.00940190999995],[-70.12916800199997,-34.00755621899998],[-70.13044868399999,-34.00656749799998],[-70.13089243799995,-34.00389053699997],[-70.13150907299996,-34.00329053899998],[-70.13127558799994,-34.002669430999944],[-70.13039004099994,-34.00169427199995],[-70.13045222199997,-34.001354739999954],[-70.13093160899996,-34.00090934699995],[-70.13256264199998,-34.00062175099998],[-70.13320758299994,-34.00024573199993],[-70.13394319999998,-33.998691670999946],[-70.13490484099998,-33.99738210599998],[-70.13549305599997,-33.99709079099995],[-70.13712025299998,-33.996958660999944],[-70.13924782899994,-33.99592899399995],[-70.14001305799997,-33.99533029599995],[-70.14006909899996,-33.99467574899996],[-70.14112145599995,-33.99339926499993],[-70.14148299999994,-33.99225054599998],[-70.14284490199998,-33.99127153699994],[-70.14363875799995,-33.990286364999974],[-70.14480589899995,-33.989470898999954],[-70.14518526099994,-33.98892334099997],[-70.14534687999998,-33.987518817999955],[-70.14574504799998,-33.987092772999965],[-70.14684485099997,-33.987082525999945],[-70.14806921099995,-33.98657056299992],[-70.14824516599998,-33.985136735999944],[-70.14811153499994,-33.98439286599996],[-70.14764423999998,-33.983691613999945],[-70.14759443599996,-33.98314979499996],[-70.14717785999994,-33.98238543399998],[-70.14778111599998,-33.97919946299993],[-70.14900632399997,-33.97770254599993],[-70.14917777399995,-33.977175201999955],[-70.14919605199998,-33.976289039999976],[-70.14887457199995,-33.97540070699994],[-70.14901530099996,-33.97498686599994],[-70.14936540199994,-33.974242924999935],[-70.14992047299995,-33.97391259499993],[-70.15040743599997,-33.97327717199994],[-70.15065861599999,-33.97138287099995],[-70.15145545299998,-33.97009462199999],[-70.15173840999995,-33.96852787999993],[-70.15241453199998,-33.96772343299994],[-70.15375651499994,-33.96686139399998],[-70.15561724899999,-33.96482649299998],[-70.15648552199997,-33.96295086999992],[-70.15686795699997,-33.96136264999996],[-70.15758831199997,-33.961080379999935],[-70.15888931299997,-33.96117848999996],[-70.15980984499998,-33.96075635799997],[-70.16167231499998,-33.96059421399997],[-70.16265300299995,-33.96018705599994],[-70.16457779699994,-33.95756246099995],[-70.16492870299999,-33.95638236999996],[-70.16469590399998,-33.956100496999966],[-70.16504329099996,-33.95523080299995],[-70.16501691099995,-33.95444260399995],[-70.16694815199997,-33.95314823199992],[-70.16920002399996,-33.95335030699993],[-70.16966408599995,-33.95298727499994],[-70.17033625199997,-33.95283648799995],[-70.17072303499998,-33.95247204999998],[-70.17209003499994,-33.952169131999916],[-70.17391611599999,-33.95207050199997],[-70.17523880399995,-33.95145507099994],[-70.17589089499995,-33.95065102099994],[-70.17716820399994,-33.95025974999993],[-70.17777721799996,-33.95015923199998],[-70.17884927199998,-33.95043304499995],[-70.17987876899997,-33.95039161699998],[-70.18208697099993,-33.94948277999998],[-70.18258361599999,-33.94880519199996],[-70.184832106,-33.94747266599996],[-70.18533181599997,-33.946804524999926],[-70.18573418299997,-33.94515931299998],[-70.18582202999994,-33.94284573499992],[-70.18630674799994,-33.942017757999956],[-70.18779176299996,-33.94095065299995],[-70.18840000899996,-33.94081284999992],[-70.18889361299995,-33.94074988899996],[-70.19126301999995,-33.94135558099998],[-70.19182439499997,-33.94124105599995],[-70.19240052099997,-33.939763912999986],[-70.19265328999995,-33.939532418999924],[-70.19374536099997,-33.93921526299994],[-70.19469308699996,-33.938448087999966],[-70.19630730599995,-33.93898758499994],[-70.19669362199994,-33.93723407099998],[-70.19726489999994,-33.93590596999998],[-70.19841480399998,-33.934539384999944],[-70.19900222699994,-33.932742310999984],[-70.19962098099995,-33.93163519999995],[-70.20090747299997,-33.93069883799996],[-70.20251464599994,-33.93018334499993],[-70.20373770899994,-33.93050177499999],[-70.20480926399995,-33.930102716999954],[-70.20568674399993,-33.92869461299994],[-70.20499020499994,-33.927813471999976],[-70.20492854499997,-33.92727968699994],[-70.20538793499998,-33.92651902599994],[-70.20579063699995,-33.92422861299997],[-70.20645538499997,-33.923061067999974],[-70.20572662899997,-33.92165241699996],[-70.20466094099999,-33.92057714999995],[-70.20407484999998,-33.91740856199993],[-70.20447367699995,-33.91701965699997],[-70.20738947899997,-33.917324778999955],[-70.21069241899994,-33.91794116999994],[-70.21583675499994,-33.92098935899998],[-70.21715935399999,-33.921907484999956],[-70.21816187999997,-33.92290628399996],[-70.21988713099995,-33.92397428899994],[-70.22153799999995,-33.92420596899996],[-70.22308738199996,-33.92419058799993],[-70.22633440999994,-33.92534295299998],[-70.22828129499999,-33.92582833799996],[-70.23000072799994,-33.92658755599997],[-70.23272406599995,-33.92716965299996],[-70.23393414399999,-33.92793331599996],[-70.23741211899994,-33.929178773999986],[-70.23843934199994,-33.92910410699993],[-70.24032593099997,-33.92957262499992],[-70.24376629099999,-33.92989482599995],[-70.24488915299997,-33.93038849599997],[-70.24799372299998,-33.93038307399997],[-70.24954760099996,-33.93093997099993],[-70.25063065499995,-33.93079024099995],[-70.25400282399994,-33.93021936499997],[-70.25489924999994,-33.92951583599994],[-70.25504874899997,-33.92903635099999],[-70.25482574799997,-33.92812328199993],[-70.25520063399995,-33.927452118999945],[-70.25968251099994,-33.92590403999998],[-70.26088994799994,-33.92565349499994],[-70.26261176699995,-33.92380066299996],[-70.26515441499998,-33.92401354699996],[-70.26591671999995,-33.92353226099993],[-70.26658331499993,-33.922249340999926],[-70.26815152399998,-33.92213400299993],[-70.26913857199997,-33.92283626599994],[-70.27129246899995,-33.92277797699994],[-70.27188632999997,-33.922338974999946],[-70.27190293899997,-33.92147757199998],[-70.27217623099995,-33.92105540699998],[-70.27290258299996,-33.92050230499996],[-70.27436619999997,-33.92013095099999],[-70.27463903599994,-33.91938413299993],[-70.27427596599995,-33.91877014799996],[-70.27426724099996,-33.91818406099997],[-70.27452009599995,-33.91777562799995],[-70.27651443699995,-33.91641127199995],[-70.27678262599994,-33.91592151299994],[-70.27833651899994,-33.91447151199998],[-70.27853253899997,-33.91336024699994],[-70.27975877299998,-33.91116061599996],[-70.28123160399997,-33.91049148899998],[-70.28235376099997,-33.90929392699995],[-70.28671245299995,-33.90656106899996],[-70.28977487099996,-33.90509515899998],[-70.29028955699994,-33.904417917999986],[-70.29216926099997,-33.90384810799997],[-70.29321988,-33.90330050399996],[-70.29472823799995,-33.90332073099993]]]}},{"type":"Feature","properties":{"id":"santuario-2","name":"Fundo Yerba Loca","category":"Santuario de la Naturaleza","group":"santuario","edition":"2024","decree":"937 - 24.07.73","source":"MMA · Biodiversidad RM","source_file":"SN 2024.kmz","source_url":"https://biodiversidadrm.mma.gob.cl/wp-content/uploads/2024/01/AP_descarga_kmz.zip","overlap_ha":298.8},"geometry":{"type":"Polygon","coordinates":[[[-70.26627062229538,-33.18173084252958],[-70.27607323656717,-33.1774369777617],[-70.27819890585114,-33.17719425284756],[-70.28023720119344,-33.17773696935378],[-70.28179748824883,-33.17897005516173],[-70.28358368766976,-33.17996625660142],[-70.28500039819862,-33.18131800321967],[-70.28561723062462,-33.18396771138316],[-70.28544654139674,-33.186693177861976],[-70.28559479870125,-33.18754845094954],[-70.28662753113386,-33.18912965783655],[-70.28688742665157,-33.19184165516038],[-70.28763618318727,-33.19352948375419],[-70.28901718359528,-33.19489958147959],[-70.29210556302363,-33.19740631491521],[-70.2938967232265,-33.198411414344925],[-70.29440629344458,-33.19919078061047],[-70.2946829085093,-33.20008077290138],[-70.29459708178956,-33.20187642143482],[-70.29382157145497,-33.20356192968184],[-70.29118548364283,-33.20641227848014],[-70.29071968997658,-33.207206283434715],[-70.28988628426505,-33.210754840657735],[-70.28986130413873,-33.21254985372281],[-70.2906746342616,-33.21973395629694],[-70.29043044437651,-33.22242861622843],[-70.29079266836818,-33.22421059228069],[-70.29382940547335,-33.2267404250699],[-70.29644273012809,-33.228304993504814],[-70.29943730300776,-33.22929745164597],[-70.30131835318774,-33.230161636146406],[-70.30346576289283,-33.23017071338508],[-70.30543629525111,-33.23087150076872],[-70.30785966915937,-33.23384933754971],[-70.30902002792763,-33.23639399042354],[-70.30966304215441,-33.23707711166209],[-70.31148144457207,-33.23803656572445],[-70.31210211924291,-33.23879204514223],[-70.31246042349073,-33.23963153301983],[-70.31253298547996,-33.24053715419396],[-70.31154616880369,-33.246797591167756],[-70.31162228302496,-33.25130626495336],[-70.31243462855025,-33.25484659052239],[-70.31324314159862,-33.25651097086537],[-70.3136775435981,-33.25828308316181],[-70.31654887730119,-33.262072203599885],[-70.31752389199625,-33.26464577046981],[-70.31748556213697,-33.2664499248813],[-70.31687523678585,-33.26910791088956],[-70.3167177733413,-33.270908817436904],[-70.31687589110322,-33.27270187243858],[-70.31731213954143,-33.2744739458871],[-70.31864478720881,-33.2769264864866],[-70.32329253749177,-33.28188247485172],[-70.32424934488381,-33.28349118012114],[-70.32492822335885,-33.28613536515396],[-70.32678807048505,-33.2913103377379],[-70.32929543856126,-33.29725849092454],[-70.33096638786371,-33.30058649681231],[-70.33119776284181,-33.30145883502361],[-70.33127448340055,-33.30326174713322],[-70.33211994069323,-33.30586811752904],[-70.33289044337857,-33.30755538479988],[-70.3371181472008,-33.314846698298645],[-70.34066165331257,-33.32239770659855],[-70.34284132291965,-33.32843463776383],[-70.34370019588073,-33.3300802952719],[-70.34578038461935,-33.33215012427494],[-70.34919163355485,-33.33433620797543],[-70.35400105449811,-33.3379454075502],[-70.35592388713567,-33.33874062861311],[-70.3589408397958,-33.33967713718636],[-70.36058220816786,-33.34082710844759],[-70.36253343478303,-33.34298822432507],[-70.36359511831392,-33.3445547750747],[-70.36445681538657,-33.348089616933905],[-70.36671999270283,-33.35315125596437],[-70.36790712786595,-33.35465777474005],[-70.37073992654062,-33.35735914509637],[-70.37984276024223,-33.36214636580163],[-70.3857748573843,-33.36603492730824],[-70.38671493601086,-33.36641674629543],[-70.38884409263353,-33.36673566894403],[-70.39089059836378,-33.36728991475845],[-70.39375610208529,-33.36852038206448],[-70.39701357298016,-33.37173941676477],[-70.39754291312926,-33.37406931681076],[-70.39819739957935,-33.37475181143875],[-70.39905031146927,-33.37523820774836],[-70.39806860033424,-33.37680049604568],[-70.3991570618806,-33.379408112055316],[-70.39915963107907,-33.38026033760163],[-70.39873797244393,-33.3811128363808],[-70.39832090859166,-33.38288966950643],[-70.39893165257293,-33.38552971536998],[-70.39947954264538,-33.39001472992948],[-70.39997233051622,-33.39177228573341],[-70.4015123031939,-33.39513677247016],[-70.4017554484264,-33.39695132813232],[-70.40253266679515,-33.39747912523848],[-70.40461974646945,-33.39814087085971],[-70.40889079702369,-33.39838107080765],[-70.41080445064922,-33.39920256117459],[-70.41292137490288,-33.39954373637479],[-70.41393107589954,-33.39989740720728],[-70.41473905909596,-33.40045191548164],[-70.41650096821144,-33.40274502271141],[-70.41737357042767,-33.40533237828915],[-70.41859550300222,-33.40786614080319],[-70.41932044260021,-33.40847106759771],[-70.42034031884684,-33.40884269075007],[-70.42356150459293,-33.40919357394996],[-70.42457199947725,-33.40946148869009],[-70.4253311541814,-33.410084109793985],[-70.42589419560906,-33.41087578687141],[-70.42789566180643,-33.415064315122756],[-70.4284773681211,-33.417690995173785],[-70.43427849975802,-33.425271619308894],[-70.43447232230473,-33.42618022871284],[-70.43436413893139,-33.42706528102385],[-70.43334377663392,-33.42964282325907],[-70.43248527031179,-33.43317892873317],[-70.43105242683826,-33.435598827823],[-70.43028163132004,-33.4382185468628],[-70.43067404968987,-33.44180782725581],[-70.43180446684177,-33.4433414738639],[-70.43180130662954,-33.44423432610849],[-70.43100911090677,-33.44592090429736],[-70.42882410151655,-33.44791657240585],[-70.42780371469883,-33.449493053508256],[-70.42705156172987,-33.45759565652423],[-70.42720831695793,-33.45847765002015],[-70.42917019290736,-33.46270272183233],[-70.42975686489243,-33.463412858305375],[-70.43260262222691,-33.46476881307571],[-70.43321991153138,-33.46546063563212],[-70.43398195426425,-33.46718334821603],[-70.43440427899898,-33.46895957763401],[-70.43431792705036,-33.46985789700748],[-70.43381434204221,-33.47062579622941],[-70.43175195882684,-33.47275083711602],[-70.43155955899113,-33.47362333006532],[-70.43165976462205,-33.474542033712815],[-70.43318888360247,-33.47748690375807],[-70.43323134582833,-33.48108921312614],[-70.43581876928344,-33.483949669325696],[-70.43818594940758,-33.48605506178437],[-70.43860644269262,-33.4867535542043],[-70.43787033875036,-33.48690185263311],[-70.43671021100047,-33.48685219340622],[-70.43225743653406,-33.48621839765307],[-70.42920581133718,-33.48533377070016],[-70.42548152448646,-33.48353694624381],[-70.42340759842318,-33.48305568167565],[-70.41917408809431,-33.48244143337433],[-70.41709901558797,-33.48291609361916],[-70.41161796538556,-33.48577881071186],[-70.40967374888056,-33.486554000135314],[-70.40762587979556,-33.48709581783257],[-70.40304322997714,-33.48946998855274],[-70.40097744425925,-33.48995329327258],[-70.39776094336715,-33.48982732020045],[-70.39668249566323,-33.489902595999325],[-70.39361192566372,-33.49065866881277],[-70.39253074602941,-33.49045884550095],[-70.38944087836425,-33.48798197855955],[-70.3855787790134,-33.48638836149333],[-70.3835162815708,-33.48587483136915],[-70.3813711061811,-33.48601597735065],[-70.37942237290297,-33.48678172964359],[-70.37765088024761,-33.48780245279429],[-70.37633328716981,-33.48919238710489],[-70.3711762770486,-33.48782016472848],[-70.36725513466676,-33.48629424874895],[-70.36623612202813,-33.48610712317895],[-70.36410796195776,-33.4864417293027],[-70.36101714072106,-33.48724221225491],[-70.35995377168645,-33.48727191978301],[-70.35570020428102,-33.48669629327337],[-70.35347727585182,-33.486801741295515],[-70.35244816981213,-33.48704298990215],[-70.35223947449037,-33.48779373362409],[-70.35243675609746,-33.49059636714855],[-70.35193247691669,-33.49147665802689],[-70.35113920440311,-33.491922704392046],[-70.34915022101242,-33.49115524535848],[-70.3480504213279,-33.491225822651245],[-70.34702366002888,-33.491061165123845],[-70.346090801603,-33.49057520993614],[-70.34481826293704,-33.489128069456605],[-70.34259392587441,-33.48718621133739],[-70.33686998863837,-33.480637568590446],[-70.33577201435028,-33.47908466441801],[-70.3356621471277,-33.477228064887896],[-70.33368662409019,-33.47755148570548],[-70.33258681928659,-33.47741445118942],[-70.3317454457728,-33.4769365068802],[-70.32974880949646,-33.47475743666899],[-70.32884957085396,-33.474293617659725],[-70.32677229518073,-33.47378379962263],[-70.32251296387639,-33.47321609823244],[-70.3205043643699,-33.472579118141184],[-70.31964755459967,-33.472047154298025],[-70.31749255947067,-33.47001833976363],[-70.3157326816023,-33.46775987593898],[-70.31405726600988,-33.46664136826822],[-70.31102817424987,-33.46569937096823],[-70.3078063601627,-33.465467411364735],[-70.3056873959493,-33.46502529936512],[-70.30485619248446,-33.46451550232646],[-70.30381878433315,-33.46192456388945],[-70.30324438628062,-33.461177530084775],[-70.29933024639422,-33.45807115854721],[-70.29037553523895,-33.45308719394527],[-70.28839227926484,-33.45234130748284],[-70.28734631938384,-33.4523161051285],[-70.28628714506257,-33.45257956614386],[-70.28539137451938,-33.45305330740089],[-70.28318154414785,-33.45506934450059],[-70.28224692520656,-33.4554803484189],[-70.28115617028944,-33.4555727750122],[-70.2801342229157,-33.455330772546446],[-70.27538394222775,-33.45322878695721],[-70.27393017604712,-33.45079072851464],[-70.27276388902953,-33.44927400711764],[-70.27200726144413,-33.448641492234195],[-70.26936554607823,-33.4470767469602],[-70.26738176429333,-33.44638913361199],[-70.26568931100867,-33.445297088537615],[-70.26374882827007,-33.444550364992395],[-70.26161290081579,-33.44435111362186],[-70.25942956063851,-33.444571767034766],[-70.25854342079774,-33.44422451130544],[-70.25524595024227,-33.44059180228847],[-70.25445840448411,-33.43999104842618],[-70.24390136858874,-33.43552497132329],[-70.2431653926995,-33.43485591014764],[-70.24286304280443,-33.43307776027969],[-70.24232637035807,-33.43230751118073],[-70.23861728637476,-33.4290257883446],[-70.23674289014394,-33.42681237760252],[-70.23635835751533,-33.4259819742851],[-70.23633181624605,-33.42417851234937],[-70.23572324481064,-33.42342698239983],[-70.234850642512,-33.42289908055864],[-70.23379018134814,-33.42265707139655],[-70.23288387204066,-33.4222151506146],[-70.23135711768172,-33.420936218788285],[-70.22965487510515,-33.41984376217176],[-70.22753533942988,-33.41779944497097],[-70.22439496296,-33.41533235997757],[-70.21985402442935,-33.412932982393045],[-70.21831895566393,-33.41168092581222],[-70.21739552253746,-33.41004864895173],[-70.21668988552594,-33.40740406773764],[-70.2167121119601,-33.405595604396524],[-70.21746010879679,-33.40391076622192],[-70.21783592494084,-33.4021348996107],[-70.217397005064,-33.40037153607394],[-70.21686265191563,-33.399596636126276],[-70.21336118073332,-33.39616771411535],[-70.21044462867037,-33.39501931107907],[-70.20305470302273,-33.391280714396046],[-70.202273803567,-33.390711108861645],[-70.20156242926869,-33.38899540512682],[-70.20014814024032,-33.38656045248182],[-70.19849600554103,-33.38426763141632],[-70.19822300622319,-33.381555627705566],[-70.19795065450545,-33.38070597529915],[-70.19611304655393,-33.378469009844075],[-70.19318481133283,-33.37576902320874],[-70.19323284206376,-33.374956855145015],[-70.1943868539855,-33.372366366091185],[-70.19411761095348,-33.37151216483024],[-70.19358645938125,-33.37069654913216],[-70.19223830895281,-33.36930258703831],[-70.19146199073664,-33.36666301890115],[-70.19095699590193,-33.3658832075056],[-70.18950684475051,-33.364539785017065],[-70.18785387853603,-33.36339224058629],[-70.18689198168697,-33.36297755160728],[-70.18477454342032,-33.362623480768605],[-70.18389219789253,-33.36217194109914],[-70.18166207847257,-33.36018645506362],[-70.18000291618968,-33.35903886192222],[-70.1773384734602,-33.356191609313285],[-70.17741631494904,-33.35533858399835],[-70.17784711993541,-33.35445966842087],[-70.17936338781836,-33.35206433614602],[-70.17966273744092,-33.350284781539614],[-70.1791073341885,-33.34851785320785],[-70.17842116489707,-33.347888576895755],[-70.17643368015986,-33.347100217678985],[-70.1756233177715,-33.34644496059613],[-70.1755055402075,-33.34565239739821],[-70.1759848981331,-33.3447685192178],[-70.17800721397712,-33.34267958598406],[-70.1806887467607,-33.338766974317195],[-70.18157246870958,-33.337121619729935],[-70.18164912656704,-33.33441974997866],[-70.18105930817194,-33.33176479462864],[-70.18106435800132,-33.33087187995373],[-70.18251010535535,-33.32652453780271],[-70.18264171641077,-33.32563041770363],[-70.1826553988173,-33.32472840309498],[-70.18201500540901,-33.32115851879621],[-70.18225196384833,-33.320285938656774],[-70.1835030104806,-33.31778937952384],[-70.18420307563707,-33.31514468046681],[-70.1856819147155,-33.31275404220369],[-70.1868381887039,-33.31021326819615],[-70.18699929965256,-33.30935041999859],[-70.1868756510846,-33.30755233738559],[-70.18843450114875,-33.30322638134829],[-70.19011694971987,-33.300924003325854],[-70.19243430539716,-33.29686584093227],[-70.19416296209549,-33.29579397537146],[-70.19489897980954,-33.295133073579805],[-70.1980587033434,-33.291495106937624],[-70.19914437271571,-33.2889457914258],[-70.19869860064655,-33.28628951415723],[-70.19869181267158,-33.28267751925483],[-70.19891741508471,-33.280889601057964],[-70.19959553319174,-33.278240512881666],[-70.19961380262893,-33.277342956352165],[-70.19842349150345,-33.27202876320575],[-70.19842198480265,-33.270220489454],[-70.19861952445905,-33.26933472932494],[-70.19958733491187,-33.26772900824368],[-70.20080119971448,-33.26427203731402],[-70.20141066848578,-33.263526657358454],[-70.20298343042803,-33.262302888832984],[-70.204780049124,-33.2613069582096],[-70.2086396882334,-33.259700166272],[-70.20938400167506,-33.259079676585365],[-70.20986511961532,-33.258258768715564],[-70.21014492850945,-33.257385715649235],[-70.21039438314492,-33.25467761661777],[-70.20998677628653,-33.25291837878077],[-70.2091546383677,-33.25122638704693],[-70.2092549414846,-33.25037311460488],[-70.2104778100579,-33.24887763300275],[-70.21282004552353,-33.2470014371421],[-70.21329096363557,-33.24619864943873],[-70.21411638917563,-33.24357509112925],[-70.21452542492207,-33.238177780110526],[-70.21740495548049,-33.23945287433795],[-70.21842546347344,-33.23956912154074],[-70.21946574011842,-33.2392477464414],[-70.22024265658163,-33.238653924723664],[-70.22121231573665,-33.23701645913489],[-70.22247965934021,-33.23452836199657],[-70.22308947971699,-33.23279973787725],[-70.22331601821753,-33.2310072519281],[-70.22310118806064,-33.22921008828236],[-70.22029753280457,-33.22536395381675],[-70.21800205610191,-33.22351954064381],[-70.21761232567955,-33.22266654711984],[-70.21751090395021,-33.22086375120914],[-70.21830866349808,-33.21825395595949],[-70.22012486989466,-33.216017491403235],[-70.22331262176766,-33.21360512570783],[-70.22552815467107,-33.21164878739417],[-70.23080541575882,-33.20483700275241],[-70.2325489346244,-33.20381866384032],[-70.23563932699233,-33.20305744979484],[-70.2366143718952,-33.202655429368725],[-70.23737993602113,-33.20205259870447],[-70.23887178734485,-33.19964316562452],[-70.24039155814845,-33.193472565964186],[-70.2426086608566,-33.18855765747452],[-70.24332940952327,-33.1883250317815],[-70.24414693183128,-33.18773065860303],[-70.24515584685273,-33.18746800036583],[-70.24646742737023,-33.18670627040894],[-70.24746331459626,-33.18638069426016],[-70.25174558343764,-33.18627449716391],[-70.25261695960226,-33.18607637200002],[-70.25378362427298,-33.18536110972642],[-70.25633352477578,-33.185258755896356],[-70.25987583141352,-33.18455559766393],[-70.26455773303158,-33.182835088089476],[-70.2654908975321,-33.18237465898888],[-70.26627062229538,-33.18173084252958]]]}},{"type":"Feature","properties":{"id":"santuario-3","name":"Cascada de Las Ánimas","category":"Santuario de la Naturaleza","group":"santuario","edition":"2024","decree":"480 - 08.95","source":"MMA · Biodiversidad RM","source_file":"SN 2024.kmz","source_url":"https://biodiversidadrm.mma.gob.cl/wp-content/uploads/2024/01/AP_descarga_kmz.zip","overlap_ha":3118.6},"geometry":{"type":"Polygon","coordinates":[[[-70.33764247751262,-33.7433177016505],[-70.342254574415,-33.74611280879454],[-70.3434356472664,-33.75143414315434],[-70.34564883719663,-33.75463396722186],[-70.34605244954071,-33.75552686050739],[-70.34595293934619,-33.75626294742894],[-70.34321936001592,-33.757812317160834],[-70.34024261998515,-33.76159163395927],[-70.33876831609199,-33.76290623948368],[-70.33700699104809,-33.763944344402816],[-70.33492700758246,-33.76454858499433],[-70.33408589221472,-33.76505366173779],[-70.33290962754698,-33.76662193887452],[-70.33275067030726,-33.767471360307724],[-70.33373225743138,-33.77195624036461],[-70.33371637362467,-33.77284468896085],[-70.33320946321636,-33.77552401275709],[-70.33290157281346,-33.78002732557558],[-70.33137623894386,-33.78528779376279],[-70.33123429326906,-33.78708390847038],[-70.33138063834546,-33.78980125170848],[-70.33187738253478,-33.79155891540952],[-70.33293231842376,-33.793161779850436],[-70.3337912103564,-33.79358987217898],[-70.33487413491083,-33.79379013011349],[-70.33925251716867,-33.79406275258529],[-70.33998384309987,-33.79464104286582],[-70.34089613705564,-33.79637161144421],[-70.34113336786174,-33.79906991462974],[-70.34206558669894,-33.80166138897727],[-70.34298687357078,-33.80613788989755],[-70.3434342709542,-33.8069220210773],[-70.34521229274523,-33.80801640737229],[-70.34580255694591,-33.80871782584395],[-70.34617589086294,-33.81052644675507],[-70.34657310090708,-33.81135619374296],[-70.34792484369643,-33.81279338679035],[-70.34836681440555,-33.813618220240784],[-70.3486861283091,-33.81457963516074],[-70.34865348305907,-33.81546826113136],[-70.34733155979251,-33.816709173401904],[-70.3441369576925,-33.818498029795194],[-70.34238184329624,-33.81734928636882],[-70.34144802651316,-33.817007727497476],[-70.34040518283992,-33.817055130509324],[-70.33323403802663,-33.81923407379623],[-70.32682311800416,-33.82009230662841],[-70.32586442639449,-33.82050392617643],[-70.32414368544559,-33.82167666197544],[-70.32350494427804,-33.82126417725625],[-70.32581792423635,-33.81937262830769],[-70.32644772137795,-33.81764791791069],[-70.32646258864428,-33.815835149701705],[-70.32591386857473,-33.81407802996312],[-70.32212052286023,-33.80969541850051],[-70.31972637827671,-33.80521657458325],[-70.31753058071456,-33.80507324816161],[-70.31652832942487,-33.80483140576257],[-70.31561015310659,-33.80434972943795],[-70.31413608778114,-33.80301274264824],[-70.31309466828489,-33.80044916746574],[-70.31079299536829,-33.798534801470886],[-70.30691139547305,-33.794202219021386],[-70.30329518603764,-33.789713427337645],[-70.30135306492987,-33.786365643108944],[-70.30123807583152,-33.78554619809027],[-70.30179293214816,-33.78487756184477],[-70.30346401314554,-33.78359286850521],[-70.30380306154203,-33.78275961239601],[-70.30415235924957,-33.77913067190459],[-70.30372377407602,-33.77554601423782],[-70.30436767624963,-33.77289690843789],[-70.30432043387238,-33.77104862551399],[-70.30398984238725,-33.77022704168856],[-70.30333515563365,-33.769535017253325],[-70.29848290624282,-33.765879758167024],[-70.29703245878724,-33.76454680642799],[-70.2958546105149,-33.763026051261],[-70.29498228006756,-33.76135781848146],[-70.29463571661601,-33.759607426845534],[-70.29537192585084,-33.75695739117644],[-70.2954005870609,-33.75513994823388],[-70.29516967121329,-33.754276627329816],[-70.29415408985463,-33.7526595677422],[-70.29373597635173,-33.75090090430374],[-70.29391516405883,-33.74910442275319],[-70.29486211200472,-33.74672717494622],[-70.29416621727336,-33.74452502710748],[-70.29410271070961,-33.743668963597045],[-70.29443825816622,-33.742831347643246],[-70.2957623913657,-33.74135645578608],[-70.29763317926655,-33.74040794821853],[-70.29841151622769,-33.73981361558674],[-70.29988180003961,-33.7373902510211],[-70.3004846244566,-33.73562536290863],[-70.30103259324154,-33.734880162987],[-70.30185384271786,-33.73422666078435],[-70.30281053528765,-33.73376115684859],[-70.30379856853659,-33.733656057063484],[-70.3070082942969,-33.73430303524327],[-70.31131232535097,-33.73461354574668],[-70.31456251107441,-33.73465120680963],[-70.3156288945289,-33.73455410434553],[-70.31770413246748,-33.73400894085038],[-70.31951690684971,-33.73304720041411],[-70.32093372222951,-33.73167032277677],[-70.32243264866828,-33.72826343484574],[-70.32353973687123,-33.72673656748346],[-70.32443045870265,-33.72629414583492],[-70.32962836483104,-33.7249081176178],[-70.33155251708462,-33.72403967513024],[-70.33254480416089,-33.72373585285594],[-70.33360420869106,-33.72365228688121],[-70.33799541427125,-33.723961021953635],[-70.33896953173424,-33.724248091169194],[-70.33980958042963,-33.7248296358902],[-70.34046341615587,-33.72560262783008],[-70.3407858735363,-33.7264288038522],[-70.34079341865092,-33.72732602039826],[-70.34015657129135,-33.730944667013944],[-70.33728593849635,-33.73577793815892],[-70.33635778555035,-33.73837159484759],[-70.33590294478812,-33.74108653171559],[-70.33622487402523,-33.74189460053959],[-70.33764247751262,-33.7433177016505]]]}},{"type":"Feature","properties":{"id":"santuario-4","name":"Fundos San Francisco de Lagunilla y Quillayal","category":"Santuario de la Naturaleza","group":"santuario","edition":"2024","decree":"775 - 08.04.2008","source":"MMA · Biodiversidad RM","source_file":"SN 2024.kmz","source_url":"https://biodiversidadrm.mma.gob.cl/wp-content/uploads/2024/01/AP_descarga_kmz.zip","overlap_ha":14355.3},"geometry":{"type":"Polygon","coordinates":[[[-70.3426547991858,-33.65630236329801],[-70.34201322905484,-33.65600484760916],[-70.34206401848942,-33.65536999528059],[-70.34174037302185,-33.65405405414593],[-70.33977008927947,-33.65217251922759],[-70.33945906774932,-33.65166835813033],[-70.33937201915437,-33.64996935472853],[-70.33840850790985,-33.64845737482306],[-70.33835345934177,-33.64685954752106],[-70.33683271882948,-33.64461784782688],[-70.33643280495257,-33.64228782915774],[-70.3359379190165,-33.641658874490126],[-70.33533110218566,-33.641640093533034],[-70.33500619093056,-33.64220180680429],[-70.3342210156896,-33.64241324112445],[-70.33172038945636,-33.64150141342919],[-70.33129670820311,-33.64155673836758],[-70.3308465267534,-33.64186597830968],[-70.32984720640532,-33.64195291923127],[-70.32917898132727,-33.6418839160615],[-70.32756310484746,-33.64131773511892],[-70.32710902003883,-33.641373372166605],[-70.3264498385703,-33.64188788877406],[-70.32502401318466,-33.64185241467432],[-70.32412759358402,-33.640745606653034],[-70.32248455979834,-33.640382608667345],[-70.3221778594641,-33.6401575030416],[-70.32215730845218,-33.63881292509496],[-70.32184712684311,-33.63835956015778],[-70.32189418113377,-33.63747094038338],[-70.3201922606451,-33.635230961311066],[-70.3176196841186,-33.63355844396839],[-70.31722711338202,-33.63366415131132],[-70.31775483296515,-33.63447045782967],[-70.31926088371692,-33.63579910824539],[-70.3204972806371,-33.637333669104294],[-70.32103435158893,-33.63874882918309],[-70.32015541176008,-33.64076265539945],[-70.32006427227165,-33.64274273064069],[-70.32069976279678,-33.64463894702219],[-70.32229853428315,-33.64606808949799],[-70.32251888050972,-33.646598601947886],[-70.31786315060528,-33.653524405709504],[-70.31757588762451,-33.66253484295687],[-70.31716601040416,-33.66350333345483],[-70.31299598788452,-33.6665416823279],[-70.31136905605916,-33.66726944604254],[-70.30612200985674,-33.67133396434879],[-70.3039169961907,-33.673970648415896],[-70.30386591970027,-33.67460549020265],[-70.304003772701,-33.675695108670524],[-70.30440497761637,-33.67614755452216],[-70.30703234592382,-33.677363063303666],[-70.3085566504043,-33.677854373809566],[-70.31083629804532,-33.68013912631163],[-70.31301582933249,-33.6818159329096],[-70.31373243139576,-33.68305158278763],[-70.31428977938488,-33.68578590797892],[-70.31567963839235,-33.68739496231719],[-70.31697034806041,-33.6884722806643],[-70.31784645727721,-33.69021373378609],[-70.31911591002651,-33.69187479273024],[-70.32068979517467,-33.69360868156272],[-70.32290524746064,-33.6956148265744],[-70.32371505136535,-33.696976274145875],[-70.32332843136204,-33.69946693878353],[-70.32414333963305,-33.7011581445525],[-70.3238485666895,-33.70171950428531],[-70.32279984389777,-33.70259342009852],[-70.3201387580047,-33.703205422978165],[-70.31996714088244,-33.70389231720907],[-70.32000252098628,-33.70422184645124],[-70.32086768718487,-33.70522747576679],[-70.32389334708355,-33.70661596720732],[-70.3239656952909,-33.707376349046235],[-70.3230032534027,-33.70992394167599],[-70.32243532556186,-33.710488223205815],[-70.3202306920131,-33.71119686652205],[-70.31871348584134,-33.711213073927],[-70.31741522367021,-33.71165826830426],[-70.31606294133026,-33.71253536542044],[-70.31400602456434,-33.71298860548697],[-70.31129107673164,-33.71207867867588],[-70.30867181257976,-33.711472068828556],[-70.30539997493656,-33.7098575126665],[-70.30524485439214,-33.70762634597151],[-70.30395505307668,-33.70662499846754],[-70.29930796224535,-33.70636948377777],[-70.29815036531465,-33.70607726235595],[-70.29644382385717,-33.70358322783014],[-70.29559633862071,-33.70171455228444],[-70.29421772674858,-33.700840891099226],[-70.2924841144319,-33.69855021935869],[-70.2911305164678,-33.6973211055591],[-70.29079411451768,-33.69714699819358],[-70.28967040991553,-33.69708254520296],[-70.2872823827571,-33.69566122317611],[-70.28651596726431,-33.69513642832215],[-70.28527816725898,-33.69352546037392],[-70.28308482361383,-33.69293920070296],[-70.27931678004951,-33.69257235612194],[-70.27721036236298,-33.6917060335021],[-70.27546308026915,-33.690506237565856],[-70.27506719876877,-33.69040879885678],[-70.27415861174332,-33.69051969657973],[-70.27315183413137,-33.69014949213985],[-70.27288026888965,-33.69025372468093],[-70.27177460114156,-33.69140694830415],[-70.26924075028842,-33.692422554778865],[-70.26758737187434,-33.69347984213397],[-70.26588304967521,-33.69519727032862],[-70.26459179625142,-33.69612394649782],[-70.26310626745932,-33.696215241545154],[-70.26265044984649,-33.69616913843829],[-70.2615389372674,-33.69486112091689],[-70.26095948790896,-33.694664076636364],[-70.23485197737065,-33.687468097342105],[-70.21463066265476,-33.69078940436234],[-70.2025400753016,-33.672334462906896],[-70.19142395223555,-33.664779411073276],[-70.18907874555838,-33.664091489639254],[-70.18296653418716,-33.66298294302543],[-70.18054026689181,-33.66300613920212],[-70.18032558964943,-33.662830562931404],[-70.18016488667597,-33.66217244519981],[-70.18354599103958,-33.65655796024336],[-70.18400175080076,-33.65218939320512],[-70.18391992427871,-33.650642300642836],[-70.1825671585799,-33.64042971388523],[-70.18061440242568,-33.63288714008807],[-70.17919831479321,-33.624654233527565],[-70.17850993937964,-33.62308766430667],[-70.17559250157677,-33.61365102645397],[-70.17554359906771,-33.61228132193849],[-70.1784844060653,-33.6100712221388],[-70.18603806768284,-33.6060408164131],[-70.18624297133745,-33.605505968320145],[-70.18661271839764,-33.601518779049805],[-70.18627454272372,-33.59895931022489],[-70.18513342423304,-33.59752388483345],[-70.18494469307142,-33.59701823516904],[-70.18490468084973,-33.596308196083505],[-70.18534848474,-33.59551733206924],[-70.18826931335565,-33.59411914495767],[-70.18898897239977,-33.59355401052093],[-70.18963688339085,-33.59217761200728],[-70.1908079173175,-33.59137973479062],[-70.19713998374225,-33.59121710745801],[-70.1999638759616,-33.59159577393959],[-70.20376556328199,-33.59254842375208],[-70.20799759057769,-33.593928110458045],[-70.20989842155879,-33.59548266875952],[-70.21384467344673,-33.598082820410745],[-70.2170357245767,-33.60084256388232],[-70.21808793392903,-33.602379999272706],[-70.21986578606786,-33.60378340831021],[-70.2207500423764,-33.60415536685141],[-70.22399479921914,-33.6042501698716],[-70.22696065693967,-33.6039163003552],[-70.2296013792793,-33.604169145477],[-70.23040126328563,-33.604998562998425],[-70.23244341208658,-33.605790178619955],[-70.23381165181019,-33.60608103001394],[-70.23659680679371,-33.60582483113655],[-70.23867178482567,-33.6046623036457],[-70.24055086559677,-33.60464347495198],[-70.24167807109409,-33.605038092453725],[-70.2441084894878,-33.605419690614845],[-70.24450540446519,-33.605618661232086],[-70.24604233556913,-33.60710021014311],[-70.2469381432544,-33.608258377418736],[-70.24770280943137,-33.608732782563166],[-70.25103681787286,-33.608699110193214],[-70.25271074672908,-33.60916419492062],[-70.25625316314795,-33.610955203012644],[-70.25707519344799,-33.611200577475216],[-70.26418399116594,-33.612244557911765],[-70.26692264174166,-33.6129523772446],[-70.26850999948499,-33.61369728375066],[-70.27021450561921,-33.61416190524087],[-70.27218542603111,-33.61419241306163],[-70.27396743342995,-33.613742722294454],[-70.27619807527101,-33.612882364643134],[-70.2775594468979,-33.61269068630172],[-70.2808990162877,-33.610981513538604],[-70.28223768770074,-33.60721244866889],[-70.28235726594284,-33.60505445921995],[-70.2827429924644,-33.60449224781752],[-70.28331097717256,-33.60395348113153],[-70.28550758472525,-33.60286501369006],[-70.28772660561988,-33.60124348877554],[-70.28894232509506,-33.59942932961003],[-70.29145320204103,-33.59706877030772],[-70.29259227813172,-33.59621960182933],[-70.29512078361346,-33.59505130913012],[-70.29467640434117,-33.58965146060364],[-70.2950536448678,-33.58853108748309],[-70.29565705360875,-33.58834714529632],[-70.30615937652897,-33.58742479484954],[-70.31435361615142,-33.58619617919239],[-70.32008732011599,-33.58659192006569],[-70.3234443973906,-33.58812916650811],[-70.32596212130653,-33.58827983724823],[-70.32928517845626,-33.589563563501606],[-70.3305546875169,-33.58934695804803],[-70.33318972863299,-33.589242496042736],[-70.33345660972519,-33.58885903526636],[-70.33345606914197,-33.5868545001767],[-70.33515256424042,-33.58287806720172],[-70.33783951720389,-33.58026096032686],[-70.33955959626823,-33.577831890082095],[-70.34037465071937,-33.575666415112586],[-70.34124042178627,-33.57091220515082],[-70.34150878316024,-33.57063023670287],[-70.34178145929347,-33.57062728093611],[-70.34230507302267,-33.571179813497224],[-70.34319066433758,-33.571626890353244],[-70.34542265530212,-33.570968338701235],[-70.34705862643018,-33.57095054417793],[-70.34863748311848,-33.57116173752631],[-70.34964917144701,-33.57191187966404],[-70.35072971073038,-33.57514782151875],[-70.35177324707365,-33.57599912262933],[-70.35261695687682,-33.57763919415166],[-70.35445262006785,-33.57876087045403],[-70.35473126590072,-33.57913840474879],[-70.3541801402384,-33.58071762652173],[-70.35301159484062,-33.58156767548792],[-70.35268819870728,-33.58220551798027],[-70.35094122132939,-33.582884335341795],[-70.35016087935476,-33.58337496136998],[-70.34899699588759,-33.58452940773434],[-70.34885263970085,-33.58498766448776],[-70.34884248027836,-33.586281815816676],[-70.35089666313444,-33.58780716971096],[-70.35103809332252,-33.58909966515477],[-70.3523778084928,-33.59144472146983],[-70.35264282410053,-33.59288806047492],[-70.35219157317198,-33.59504972323442],[-70.35297212306598,-33.59651285148755],[-70.35280737590982,-33.59760564054013],[-70.35245362559446,-33.59824381360199],[-70.35282302876419,-33.600548700454716],[-70.35094191219754,-33.60237082751742],[-70.34979109343506,-33.60243406145027],[-70.34807271541887,-33.60303643149755],[-70.34767834760827,-33.60301530195422],[-70.34618192251155,-33.60229585406653],[-70.34530536282394,-33.602457586611],[-70.34435846662964,-33.60393954166642],[-70.34348936288264,-33.60458328903436],[-70.34377631303155,-33.605493536556246],[-70.34464229799738,-33.6066005404869],[-70.34474777149082,-33.60753818402652],[-70.34429076759247,-33.611298400472236],[-70.34388141662674,-33.61226706429095],[-70.34288865752413,-33.61275986391106],[-70.34318153563547,-33.614050720132894],[-70.34249383733038,-33.61466715483428],[-70.34242141457808,-33.61586045202685],[-70.34468960670378,-33.61745975964228],[-70.34485658225971,-33.618447404873535],[-70.34526047996901,-33.61907731670721],[-70.3448455884065,-33.61969079678435],[-70.34385161298253,-33.62401504873764],[-70.34383509201378,-33.62490325359249],[-70.3447126226319,-33.62674595372624],[-70.34414803697491,-33.627487919622276],[-70.34309488742873,-33.62800680475052],[-70.3437130320809,-33.62876125388883],[-70.34371697102215,-33.62901493244538],[-70.34339530974815,-33.62977959119108],[-70.34364574292856,-33.63028440318729],[-70.34304727322771,-33.63079834702044],[-70.3429913810484,-33.63110343763412],[-70.34378864308374,-33.63167831742216],[-70.34388744925911,-33.632184686133066],[-70.34363082017339,-33.63322778589659],[-70.34270395431811,-33.63407511552047],[-70.34359453803613,-33.63480135951656],[-70.34366548940109,-33.63546022738662],[-70.34437344331901,-33.63613759732034],[-70.34505264676702,-33.63887046952659],[-70.34446249750778,-33.6399171977217],[-70.343445424347,-33.640816366140314],[-70.34297530970072,-33.64178559466133],[-70.34304735789347,-33.642520638634466],[-70.34360883649052,-33.64352942150231],[-70.3437758619781,-33.644517153316286],[-70.3450221958977,-33.64666031662474],[-70.34480484243421,-33.648286528864155],[-70.3457110784839,-33.65000203921474],[-70.34600326521372,-33.65124212442304],[-70.34425758192513,-33.65405204324502],[-70.34294584540854,-33.65551261462812],[-70.3426547991858,-33.65630236329801]]]}},{"type":"Feature","properties":{"id":"snaspe-0","name":"El Morado","category":"Monumento Natural (ex Parque Nacional)","group":"snaspe","edition":"2023","decree":"162 - 19.07.74","source":"MMA · Biodiversidad RM","source_file":"SNASPE 2023.kmz","source_url":"https://biodiversidadrm.mma.gob.cl/wp-content/uploads/2024/01/AP_descarga_kmz.zip","overlap_ha":3018.7},"geometry":{"type":"Polygon","coordinates":[[[-70.06749545197415,-33.827208950442454],[-70.06508386638745,-33.82667519893251],[-70.0642678164369,-33.82621780557407],[-70.06381827575952,-33.82544608705726],[-70.0632004206903,-33.821771970415675],[-70.06329986324288,-33.82088731750552],[-70.0643690470443,-33.81830785613718],[-70.06438616248067,-33.817157835939],[-70.06410636028052,-33.81670031921793],[-70.06288470872177,-33.81827557430686],[-70.06203791704127,-33.81885550597759],[-70.05884700522883,-33.81946910354915],[-70.05682764535673,-33.82014029951856],[-70.05451594452299,-33.82026828442164],[-70.05370081529468,-33.81990548473508],[-70.05342272702029,-33.819118826699636],[-70.05321265209835,-33.81718613112075],[-70.05224175984738,-33.81460614073939],[-70.05029224014531,-33.810402218781654],[-70.04980176869422,-33.80772794810125],[-70.05018649549055,-33.799617106774036],[-70.05120348700765,-33.79336774347595],[-70.0510486522846,-33.79066806849995],[-70.0504901726348,-33.788914238317886],[-70.05052626650483,-33.787114769809236],[-70.05123172237008,-33.78543132353922],[-70.0525055916031,-33.78395049694338],[-70.0528409269386,-33.78310891698905],[-70.05428716332182,-33.77506570607138],[-70.05438939851166,-33.76875648467864],[-70.05513043308278,-33.76520591900032],[-70.05523929164998,-33.76340131319064],[-70.0551884351515,-33.7615980722321],[-70.05458265707878,-33.75893830905103],[-70.05466459579092,-33.757115898727584],[-70.05493366175376,-33.75625233554647],[-70.05609947293814,-33.7547182039722],[-70.05688761595555,-33.754107257577324],[-70.05886257098422,-33.75335981006601],[-70.06070697775733,-33.75238803838561],[-70.06211144658637,-33.7510457467336],[-70.06247983686298,-33.75019483761428],[-70.06264405197906,-33.7483807298547],[-70.06239649520293,-33.74750807101242],[-70.06154581700174,-33.74582441680999],[-70.06042522175285,-33.74427390526916],[-70.05962779545095,-33.742607812060996],[-70.05891183319483,-33.73996253261131],[-70.05869416098473,-33.73816973414717],[-70.05912666022317,-33.734576693812286],[-70.06006772220003,-33.731912685655516],[-70.06057967915868,-33.731110139189745],[-70.06135082263421,-33.73059849342227],[-70.06247609909433,-33.73035429498831],[-70.06363104869484,-33.730380419306236],[-70.06447679691212,-33.73075191981516],[-70.06696771898883,-33.73380120850301],[-70.0690809063484,-33.73586170853029],[-70.07071302734495,-33.73704253651576],[-70.07266689215696,-33.737774046043945],[-70.07484921987678,-33.73773703554601],[-70.07692953556263,-33.738169828856236],[-70.07881056963082,-33.7390642639819],[-70.08037872550256,-33.74031765293222],[-70.08359106847983,-33.743932920059656],[-70.08751361145869,-33.74701879408927],[-70.09249738666091,-33.752917963117476],[-70.09347153041605,-33.754519152267896],[-70.09499397535005,-33.757901015541854],[-70.09660963333982,-33.7602450376512],[-70.0973487889977,-33.76200606925052],[-70.09743249065941,-33.76288001841337],[-70.09709611436817,-33.76367664329622],[-70.09642364630317,-33.76442666227342],[-70.09316354815583,-33.766831884234136],[-70.0920867334424,-33.768392619811934],[-70.09093609537462,-33.7709324717132],[-70.09060079717302,-33.77362740760492],[-70.09065674032026,-33.77543508572783],[-70.09128816184278,-33.77900076448779],[-70.09175283046079,-33.783492284915425],[-70.09230897175594,-33.78617031335604],[-70.09203690035547,-33.78798089012122],[-70.09165037246049,-33.788823024974114],[-70.09102050031493,-33.78950943170868],[-70.08929123320586,-33.79064753470191],[-70.08702730828531,-33.792592883750636],[-70.08604335032469,-33.79419782932409],[-70.08543348589696,-33.79685007816254],[-70.08566733155763,-33.800450829386236],[-70.084987720281,-33.802161284856574],[-70.08284812518883,-33.805295910832946],[-70.08218038181103,-33.8070152628541],[-70.08162918807487,-33.80968049977923],[-70.08116091377474,-33.81507303079212],[-70.08034542430714,-33.81769098542506],[-70.07855425401347,-33.82194521289865],[-70.07659782822843,-33.825177397687135],[-70.07587927969456,-33.82582843561088],[-70.07495828893148,-33.8263234461041],[-70.0728992682367,-33.82684638886775],[-70.06749545197415,-33.827208950442454]]]}},{"type":"Feature","properties":{"id":"snaspe-1","name":"Rio Clarillo","category":"Parque Nacional","group":"snaspe","edition":"2023","decree":"30 -  7.10.19","source":"MMA · Biodiversidad RM","source_file":"SNASPE 2023.kmz","source_url":"https://biodiversidadrm.mma.gob.cl/wp-content/uploads/2024/01/AP_descarga_kmz.zip","overlap_ha":69.7},"geometry":{"type":"Polygon","coordinates":[[[-70.49297440562611,-33.73307824463722],[-70.49359545016544,-33.73610072692257],[-70.49497296851858,-33.74055240006016],[-70.49514045448687,-33.74207889670884],[-70.49504429554732,-33.743613057151364],[-70.4946728836505,-33.74511004481306],[-70.49378407959132,-33.74643740755202],[-70.49259436323808,-33.74761059049939],[-70.49175900175284,-33.74896885526355],[-70.4886775995201,-33.75618876354655],[-70.48831530025878,-33.75769460211141],[-70.48763959110475,-33.759105021150944],[-70.48473245910567,-33.76099319123538],[-70.48342718781514,-33.76207749972745],[-70.48222474432207,-33.76495959538767],[-70.47944243524633,-33.76688674737529],[-70.47899562347567,-33.76837553663319],[-70.47911162085585,-33.7699026690672],[-70.47979535520388,-33.7729109359021],[-70.47980922669753,-33.77444379986273],[-70.47965492539603,-33.77596966229715],[-70.47845113859535,-33.7804434035286],[-70.47862461255427,-33.78350738219837],[-70.47902656441497,-33.78499952138785],[-70.48082767767514,-33.787660714962946],[-70.48133694472017,-33.78912901219027],[-70.48078138426277,-33.79057852969996],[-70.47826351160553,-33.7928361222686],[-70.47738961353306,-33.79414966305292],[-70.47754293864669,-33.795667326015334],[-70.47811710232146,-33.797121330870155],[-70.48031747673544,-33.80133330713359],[-70.48252692866151,-33.80376862675334],[-70.48316673699917,-33.80520377965616],[-70.48400622345316,-33.808192092055094],[-70.48611597723843,-33.81068264673083],[-70.48647219596485,-33.81218882930939],[-70.48670682067382,-33.81525203945973],[-70.4857981715986,-33.81821179617156],[-70.48577370694527,-33.819745109023565],[-70.48697032308912,-33.825795120791255],[-70.48698734991977,-33.83042552447936],[-70.48616142566183,-33.831675420901114],[-70.48358766047122,-33.833884200032315],[-70.48256580865595,-33.83515446583144],[-70.48153058367826,-33.83809767389642],[-70.48079054909432,-33.83949980442297],[-70.47867718000992,-33.84200955592268],[-70.47717044747853,-33.84641474562591],[-70.4755018696029,-33.84913553870462],[-70.47520935182297,-33.85062696474353],[-70.47583488467737,-33.85826650368446],[-70.4754354874709,-33.86106677662112],[-70.47437947950534,-33.86263496917083],[-70.47364396573022,-33.8630405452056],[-70.47322622029208,-33.863027504069656],[-70.46741050858684,-33.86136097419692],[-70.46583949042606,-33.86071235720355],[-70.46402636814862,-33.85969239720841],[-70.46122916328615,-33.85866146169963],[-70.45818429243033,-33.85841797262059],[-70.45516997107545,-33.858859396057035],[-70.44994242191277,-33.85856032441249],[-70.44470125273239,-33.855948105652224],[-70.44148440529369,-33.85158959128984],[-70.44081389714678,-33.851146548290636],[-70.43998126655598,-33.85089924218656],[-70.43868140213439,-33.851009106753466],[-70.43747897373972,-33.85145147941748],[-70.43432830966798,-33.853589324959565],[-70.43298470680584,-33.853469685442114],[-70.43138142909204,-33.852645150412634],[-70.42785452769964,-33.8519150336583],[-70.42544747705573,-33.847776667145475],[-70.42355505830339,-33.84514729884473],[-70.42137768532388,-33.84267899628368],[-70.42008880293092,-33.84158916643725],[-70.41848848119011,-33.84088165486853],[-70.414855236962,-33.84040487899554],[-70.41319494370843,-33.839743075013665],[-70.41185570108755,-33.83870333180118],[-70.41076754897608,-33.83746681694654],[-70.40826160454128,-33.83337881769589],[-70.40773437790713,-33.83191041922773],[-70.40753410547752,-33.830384178991196],[-70.40813328378741,-33.82736537321716],[-70.40622517062049,-33.819879772739576],[-70.40464078100085,-33.817120322648954],[-70.40345792318624,-33.81421650381067],[-70.40299016631329,-33.81118730632154],[-70.40292046894467,-33.80505593070787],[-70.40315191735748,-33.80353829095017],[-70.40536214693739,-33.79768305600999],[-70.40565964004566,-33.796182694132526],[-70.40522758162372,-33.79469515246946],[-70.4033527431911,-33.79207875373294],[-70.4031856945283,-33.79057015258589],[-70.40610798892973,-33.78493675441353],[-70.40656979171298,-33.78345706045047],[-70.40792881438121,-33.775884537954546],[-70.40772161632593,-33.77435835321016],[-70.40708161819677,-33.77292279137196],[-70.40432766221603,-33.76895019419936],[-70.40288582999749,-33.76452074208719],[-70.40269663922533,-33.76299434876651],[-70.40290330612241,-33.76147247384743],[-70.40370116130626,-33.76007914583244],[-70.4038860294819,-33.758670241360605],[-70.4025264562448,-33.75751787100796],[-70.40229892796232,-33.75616325211331],[-70.40316299163214,-33.754715067021166],[-70.4009005235067,-33.75249528914908],[-70.39989226816887,-33.75121715660163],[-70.39936292197403,-33.74976224563223],[-70.39957487497138,-33.748231294902595],[-70.40026470940484,-33.74681666687248],[-70.40211302294307,-33.74416243743416],[-70.40281492673618,-33.7427476582427],[-70.40314210498242,-33.739700369537346],[-70.40270189337751,-33.735119722107456],[-70.40362378151896,-33.73216036061774],[-70.40381655187439,-33.730638636198215],[-70.4033572000161,-33.72916941415168],[-70.40221230163151,-33.727955971474834],[-70.4017190376199,-33.726514181229646],[-70.40196091735567,-33.72498288263737],[-70.40316336499771,-33.722087970956764],[-70.4033369080954,-33.720566463588796],[-70.40320947670662,-33.71750178546303],[-70.40247903014566,-33.71611228894749],[-70.40044919369402,-33.71355615977856],[-70.39985446192468,-33.71210649601829],[-70.39967727374815,-33.71057994733411],[-70.4003371596226,-33.70916565437453],[-70.40180712069338,-33.70823815920447],[-70.40649305832909,-33.705835712123104],[-70.40926369705826,-33.70382916730945],[-70.41077049857999,-33.70295976421506],[-70.41243988465965,-33.702322952899394],[-70.41769783882046,-33.70097314516271],[-70.42112824962297,-33.69989214831151],[-70.42770801220686,-33.69718302163968],[-70.43295779047438,-33.695801102385325],[-70.43426413084539,-33.69473985481517],[-70.43501404131517,-33.693346882860304],[-70.4379553180793,-33.68946650573508],[-70.4406064651583,-33.683749769324045],[-70.44144760542956,-33.68252252839756],[-70.44284790272836,-33.681514204315754],[-70.44453078654504,-33.68091738991929],[-70.44634018783789,-33.68067077431561],[-70.4481705453239,-33.68064933681986],[-70.44984896962535,-33.68121582494719],[-70.45247797096415,-33.68340337664236],[-70.45314991628841,-33.68471210273242],[-70.45314829757817,-33.68530911360762],[-70.4540544638536,-33.68579247535938],[-70.4550340276687,-33.68691355250796],[-70.4584974188917,-33.68842160127776],[-70.46084354205361,-33.68888751760701],[-70.4615313818839,-33.689857092602864],[-70.46270807315423,-33.69098542121826],[-70.46328416758344,-33.69151100190273],[-70.4639368615796,-33.6917742945943],[-70.46417371633503,-33.69276858129202],[-70.46485432609306,-33.69399473057915],[-70.46603111807924,-33.69512302412559],[-70.46611176075521,-33.6957803340083],[-70.4677920388867,-33.69928396940945],[-70.4691072215252,-33.70037190755308],[-70.4696217230932,-33.70067558120585],[-70.4710071096813,-33.70044613149948],[-70.47314976441038,-33.70117560670353],[-70.47493251839994,-33.70258329499431],[-70.47843954179957,-33.7033770725126],[-70.47960323922379,-33.703801591520154],[-70.480273978168,-33.704283850244906],[-70.48132959392531,-33.70568762218315],[-70.4815997935022,-33.70687378283412],[-70.48226047086261,-33.70803713500139],[-70.48333132087285,-33.70968576187602],[-70.48453667474712,-33.710942456233944],[-70.48497489344403,-33.71179064935833],[-70.48837243004203,-33.714210327093554],[-70.48850065707192,-33.71597926490274],[-70.48769204795856,-33.71812215837357],[-70.49240014136089,-33.72572209218362],[-70.49319028266193,-33.72710129223424],[-70.49370415921355,-33.72857400737945],[-70.49378609701121,-33.73011056204736],[-70.49324844448736,-33.73156894110905],[-70.49297440562611,-33.73307824463722]]]}},{"type":"Feature","properties":{"id":"snaspe-3","name":"Glaciares de Santiago","category":"Parque Nacional","group":"snaspe","edition":"2023","decree":"25 - 2.5.23","source":"MMA · Biodiversidad RM","source_file":"SNASPE 2023.kmz","source_url":"https://biodiversidadrm.mma.gob.cl/wp-content/uploads/2024/01/AP_descarga_kmz.zip","overlap_ha":74502.0},"geometry":{"type":"Polygon","coordinates":[[[-70.09073938799997,-33.05325958699994],[-70.09323256399995,-33.05143347799998],[-70.09494355599998,-33.05235950199993],[-70.10112418799997,-33.052637062999956],[-70.10262347399998,-33.05313738499996],[-70.10446058599997,-33.05565271399996],[-70.10657096799997,-33.057419354999986],[-70.10816058599994,-33.05929271299993],[-70.10993540699997,-33.05981016399994],[-70.11503507099997,-33.064096732999914],[-70.11590186499996,-33.06443243999995],[-70.11615284299995,-33.06581058299998],[-70.11595427999998,-33.06661640799996],[-70.11538855199996,-33.067665074999965],[-70.11449538899996,-33.06850335699993],[-70.11446918299998,-33.06906245299997],[-70.11334799699995,-33.07128551899994],[-70.11333415399997,-33.07206187499995],[-70.11493921499994,-33.07257880799995],[-70.11785388499999,-33.073152148999945],[-70.11980459699998,-33.07310189799994],[-70.12076449399996,-33.07379248999995],[-70.12252805299994,-33.07426361699992],[-70.12455058699999,-33.07518271399993],[-70.12551658999996,-33.076582173999945],[-70.12600053499995,-33.078104081999975],[-70.12722833499998,-33.079257079999934],[-70.12896868399997,-33.08016138099998],[-70.12907105699998,-33.08266953199996],[-70.12955236999994,-33.08481013599992],[-70.12971219899998,-33.08711484999997],[-70.13041208699997,-33.08921444199996],[-70.13144598699995,-33.09131295699996],[-70.13248624799996,-33.09281859799994],[-70.13503214999997,-33.09407786199994],[-70.13874058599998,-33.094312712999965],[-70.14272142599998,-33.093568656999935],[-70.14724058599995,-33.09339271399995],[-70.14932230599999,-33.09414760199996],[-70.15066955799995,-33.095256395999975],[-70.15196935999995,-33.09604395299992],[-70.15524231599994,-33.09716124099999],[-70.15687935599993,-33.09801007799996],[-70.15751598299994,-33.098525443999975],[-70.15851639599998,-33.09867701999996],[-70.16136605999998,-33.098191970999956],[-70.16168855899997,-33.09833375499995],[-70.16468781399995,-33.10344016199997],[-70.16601064999998,-33.10450143999997],[-70.16941357599995,-33.105748362999975],[-70.17473687899997,-33.10633242399996],[-70.17705985699996,-33.10570298699997],[-70.17789894199996,-33.10269330899995],[-70.17869355499994,-33.10229950099995],[-70.18062253699998,-33.102155899999964],[-70.18139876599997,-33.10166739899996],[-70.18410088099995,-33.10135069799997],[-70.18522706699997,-33.10246495899998],[-70.18626273199999,-33.102329618999946],[-70.18779531099995,-33.10254030199996],[-70.18797042999995,-33.10333593899997],[-70.18703531599994,-33.10522401999997],[-70.18773335499998,-33.10716174799994],[-70.18808877199996,-33.107678490999945],[-70.19103747599996,-33.10981306399998],[-70.19310940399998,-33.11014249099997],[-70.19472695499996,-33.10989624599995],[-70.19707058699998,-33.11028271299995],[-70.19830060899994,-33.11035060599995],[-70.19921843699996,-33.11018752299998],[-70.19973482999995,-33.11026129199995],[-70.20031898299999,-33.11067327999996],[-70.20382421999994,-33.118800939999964],[-70.20395712899995,-33.12034145999996],[-70.20352860499997,-33.12173812899994],[-70.20323125099998,-33.12209808399994],[-70.20160818399995,-33.12303957099993],[-70.20125813699997,-33.123801737999926],[-70.20178276899998,-33.124198171999986],[-70.20268063099996,-33.12441434399993],[-70.20492354899994,-33.124681436999936],[-70.20835918099993,-33.126344345999925],[-70.21027351199996,-33.126907471999964],[-70.21173575199998,-33.12690233199992],[-70.21293142799993,-33.12774347499992],[-70.21859070299996,-33.129225576999936],[-70.22198070499996,-33.13424454899996],[-70.22274058599999,-33.13488271299995],[-70.22583058599997,-33.13458271299994],[-70.22691246499994,-33.13414718999996],[-70.22770058699996,-33.13490271499996],[-70.22866748099995,-33.13684548699996],[-70.23054817399998,-33.137441941999946],[-70.23268562699997,-33.13779312099995],[-70.23439032399995,-33.13852309099996],[-70.23511618499998,-33.139831193999946],[-70.23513058699996,-33.14065271399993],[-70.23406003899998,-33.14162776799997],[-70.23075719099995,-33.142288336999954],[-70.22870942699996,-33.14384067499998],[-70.22777054099998,-33.14644170499997],[-70.22624941899996,-33.14877888399997],[-70.22619587699995,-33.14993124899997],[-70.22851742699999,-33.154251425999966],[-70.22885355299996,-33.155967383999936],[-70.22867346199996,-33.157050407999975],[-70.22896045199997,-33.15813795599994],[-70.22970150399993,-33.15912267699996],[-70.23296555599995,-33.16066345899998],[-70.23577040199996,-33.16300831699993],[-70.23700058699995,-33.16339271399995],[-70.23759108299998,-33.16386880099997],[-70.23854299399994,-33.165024559999964],[-70.24110293799998,-33.16923921299996],[-70.24210895099998,-33.17229581999991],[-70.24267603399994,-33.173035308999935],[-70.24244525099994,-33.174461270999984],[-70.24144725999997,-33.175732334999964],[-70.23912611299994,-33.17664197399992],[-70.23890654399997,-33.177457366999924],[-70.23902407599996,-33.17827006199996],[-70.24037166099998,-33.18207098599992],[-70.24176521699998,-33.183328539999934],[-70.24191370099999,-33.18419759899995],[-70.24234757099998,-33.185017989999956],[-70.24272036199994,-33.18705936999994],[-70.24241480799998,-33.18857440999993],[-70.24169152699994,-33.19009361799993],[-70.24047117399994,-33.19114432499996],[-70.23892000299998,-33.19192340699993],[-70.23927976799996,-33.198120506999935],[-70.23803992999996,-33.20037792199999],[-70.23661198499997,-33.20178259299995],[-70.23574242599994,-33.20235565199993],[-70.23456103599995,-33.20233340899997],[-70.23204950199994,-33.20268570899998],[-70.23086564799998,-33.20307597999993],[-70.22996981599994,-33.20397064999996],[-70.22868692599997,-33.20577021999997],[-70.22587767799996,-33.21146406799994],[-70.22359905199994,-33.21353302799998],[-70.21921844799994,-33.21601965099995],[-70.21781791199999,-33.21722463099996],[-70.21754542399998,-33.21854074299994],[-70.21748356499995,-33.220633695999936],[-70.21684473599998,-33.22173957399996],[-70.21709488199997,-33.22274511899997],[-70.21764818999999,-33.22333533499993],[-70.21824945099996,-33.22345162899995],[-70.21975094099997,-33.22427690899997],[-70.22006850399998,-33.22489997199994],[-70.22027309699996,-33.22654740399997],[-70.22098933899997,-33.227090187999984],[-70.22202520899998,-33.22709528999997],[-70.22286153499994,-33.22843105699997],[-70.22328401699997,-33.23006106799994],[-70.22176981499996,-33.233558096999964],[-70.22163134999994,-33.236434609999954],[-70.22127320499999,-33.237052755999954],[-70.21861502499996,-33.23801809099993],[-70.21778186599994,-33.23852624899996],[-70.21521219399995,-33.23724643499998],[-70.21431999799995,-33.23704985799997],[-70.21443171299995,-33.23798355599996],[-70.21594931599999,-33.23980467899997],[-70.21657382399997,-33.24154312699994],[-70.21560425699994,-33.24244503399996],[-70.21400122999995,-33.244812667999945],[-70.21265174199993,-33.24580327799998],[-70.21104315899998,-33.24646040099998],[-70.20983605399994,-33.24723577799995],[-70.20909997599995,-33.24789965799993],[-70.20804873399999,-33.24943713099999],[-70.20804778999997,-33.250689489999964],[-70.20836957699998,-33.25161798899995],[-70.20954137699994,-33.25223277099996],[-70.21051453399997,-33.25294111099998],[-70.21071951199997,-33.25330565599997],[-70.21018472199995,-33.25538792799994],[-70.21042571799995,-33.25836372699995],[-70.21023736399997,-33.259205549999926],[-70.20980724099996,-33.259652639999956],[-70.20774481699993,-33.26037522799993],[-70.20444032899997,-33.261995627999966],[-70.20312581699994,-33.264238145999954],[-70.20078169299995,-33.266722550999916],[-70.19902103099997,-33.272914181999965],[-70.19993310799998,-33.27678841899996],[-70.19972732299993,-33.27869183299998],[-70.19879211799997,-33.28010974599993],[-70.19896246499997,-33.28159717199998],[-70.19852024799997,-33.28261373599997],[-70.19864797999998,-33.28752211599993],[-70.19893198099999,-33.28934062199994],[-70.19878102499996,-33.290269881999954],[-70.19815683699994,-33.291501517999954],[-70.19686643399997,-33.29288847599997],[-70.19483070599995,-33.29563420399994],[-70.19268254999997,-33.29714390799996],[-70.19213881299999,-33.29828310699999],[-70.19150341999995,-33.29870155799995],[-70.19067480499996,-33.29995802699995],[-70.18985674299995,-33.30199328399992],[-70.18768784799995,-33.30472743399997],[-70.18687455899999,-33.307405353999954],[-70.18556018499999,-33.30805934799998],[-70.18559676599995,-33.30874625899997],[-70.18624638399996,-33.31037803099998],[-70.18629010699993,-33.31159177499995],[-70.18414309299999,-33.31524328599994],[-70.18183723099999,-33.32129022699996],[-70.18229570099999,-33.32460946299994],[-70.18239234899994,-33.32703501899994],[-70.18171697599996,-33.32855341699997],[-70.18148308299993,-33.329794955999915],[-70.18087642499995,-33.33097827399997],[-70.18187486299996,-33.33620339899995],[-70.18116698499995,-33.338352089999944],[-70.18006851999996,-33.33987450199993],[-70.17847490199995,-33.34141555199993],[-70.17740899799998,-33.34404620499998],[-70.17573589199998,-33.34547093699996],[-70.17550976399997,-33.34590834199998],[-70.17553449199994,-33.34673281799996],[-70.17596783099998,-33.34749615299995],[-70.17902287599998,-33.34936859499993],[-70.17934492599994,-33.34997261399997],[-70.17938874499998,-33.35119780599997],[-70.17861045399997,-33.35319824299996],[-70.17677473699996,-33.35573559799995],[-70.17711599399996,-33.35675179499997],[-70.17831397399993,-33.35753077599998],[-70.18064048099995,-33.360005704999935],[-70.18119020799998,-33.36230278399994],[-70.18178064599995,-33.362560612999964],[-70.18659434199998,-33.36321340399994],[-70.18925818399998,-33.36436770099992],[-70.19072699899993,-33.36575280499994],[-70.19151437599999,-33.36765634199998],[-70.19169846599993,-33.36914362599998],[-70.19318036599998,-33.37069861999998],[-70.19395362499995,-33.37234059299995],[-70.19372695699997,-33.37413636599996],[-70.19316700899998,-33.37471918299996],[-70.19301039999993,-33.37524758199993],[-70.19313649399999,-33.37648342599993],[-70.19373347799996,-33.37721075499998],[-70.19516184599996,-33.37796673299994],[-70.19638496299996,-33.37888655699993],[-70.19831944499998,-33.38123509699994],[-70.19862933399997,-33.38325567999992],[-70.19837096999998,-33.384327233999954],[-70.19844985499998,-33.384769368999955],[-70.20058594199998,-33.38786426199994],[-70.20223989399994,-33.390971422999954],[-70.20702648499997,-33.39349068999996],[-70.20945269599997,-33.394490303999916],[-70.21159146099995,-33.39507096299997],[-70.21089171299997,-33.39686596099996],[-70.21079563199999,-33.398684226999926],[-70.21035781399996,-33.40016310399992],[-70.21042489599995,-33.40056723699996],[-70.20719999999994,-33.40328999899998],[-70.20385999999996,-33.40827999899993],[-70.20221999999995,-33.41036999999993],[-70.20102999999995,-33.41369999899997],[-70.20063999999996,-33.41410999899995],[-70.19872999999995,-33.41528999999997],[-70.19776999999993,-33.41641999899996],[-70.19731999999993,-33.417319998999965],[-70.19733999999994,-33.42019999999998],[-70.19697999999994,-33.42098999899997],[-70.19610999999998,-33.42189999999994],[-70.19583999999998,-33.42279999899995],[-70.19477999999998,-33.42475999999993],[-70.19456999999994,-33.42597999899994],[-70.19481999999994,-33.42711999899996],[-70.19418999999994,-33.42875999899996],[-70.19407000099996,-33.42981999999995],[-70.19416000099994,-33.43097999899994],[-70.19517999999994,-33.43276999999996],[-70.19655499999993,-33.434474998999974],[-70.19744999999995,-33.43656999999995],[-70.19746999999995,-33.43716999999999],[-70.19703999999996,-33.43737999899997],[-70.19478999999995,-33.43703999899998],[-70.19400999999993,-33.43706999899995],[-70.19296999999995,-33.43736999899994],[-70.19158999999996,-33.437269998999966],[-70.19008000099996,-33.437689999999975],[-70.18962999999997,-33.43806999899994],[-70.18915999999996,-33.43944999899997],[-70.18922999999995,-33.44153999999997],[-70.18963000099995,-33.44304999899998],[-70.18968999999998,-33.44413999899995],[-70.19013999999999,-33.44487999899996],[-70.19017999999994,-33.44536999899998],[-70.18907999999993,-33.446959999999926],[-70.18913999999995,-33.44807999899995],[-70.18839999999994,-33.448959998999946],[-70.18785999999994,-33.45005999999996],[-70.18757999999997,-33.450219998999955],[-70.18716999999998,-33.45015999899994],[-70.18637999999999,-33.44964999899997],[-70.18487999999996,-33.44918999899994],[-70.18591999999995,-33.44703999899997],[-70.18601999999998,-33.445789998999956],[-70.18541999999997,-33.44485999899995],[-70.18401999999998,-33.443889998999964],[-70.18415,-33.44240999999996],[-70.18309999999997,-33.44098999899995],[-70.18330999999995,-33.440629999999935],[-70.18452999999994,-33.44012999999994],[-70.18481999999995,-33.43975999899994],[-70.18579999999997,-33.43558999999992],[-70.18722999999994,-33.434249999999956],[-70.18724999999995,-33.43390999899998],[-70.18655999999999,-33.43326999899995],[-70.18638999999996,-33.43257999899997],[-70.18648999999994,-33.43209999899995],[-70.18700999999999,-33.431619998999956],[-70.18716999999998,-33.43008999999995],[-70.18762999999996,-33.42866999899995],[-70.18758000099996,-33.42760999899996],[-70.18733999999995,-33.42715999899996],[-70.18546999999995,-33.42547999899994],[-70.18388999999996,-33.42464999899993],[-70.18332999999996,-33.42461999999993],[-70.18262999999996,-33.42488999999994],[-70.18089999999995,-33.42626999999991],[-70.18055999999996,-33.42624999899995],[-70.18054999999998,-33.426109998999955],[-70.18178000099994,-33.423859998999944],[-70.18247999999994,-33.42324999999993],[-70.18271999999996,-33.42204999899996],[-70.18385999999998,-33.421329998999965],[-70.18417000099998,-33.41971999899993],[-70.18543000099999,-33.41958999999997],[-70.18676499999998,-33.418004999999944],[-70.18677999999994,-33.41761999899995],[-70.18633000099999,-33.417079998999945],[-70.18642999999997,-33.41646999899996],[-70.18671999999998,-33.41615999899994],[-70.18674000099998,-33.41549999999995],[-70.18637999999999,-33.41486999999993],[-70.18686999999996,-33.41456999899997],[-70.18806999999998,-33.414459998999966],[-70.18895999999995,-33.41405999899996],[-70.18930999999998,-33.413609998999966],[-70.18912999999998,-33.41271999899994],[-70.18741999999997,-33.41178999899994],[-70.18706999999995,-33.41134999999998],[-70.18698999999998,-33.41070999899994],[-70.18742000099996,-33.40951999899994],[-70.18784999999997,-33.40903999999994],[-70.18815999999998,-33.40782999899993],[-70.18856000099998,-33.407399998999935],[-70.19016000099998,-33.40683999999993],[-70.19011999999998,-33.40593999999993],[-70.19085999999999,-33.40521999899994],[-70.19084999999995,-33.40439999899996],[-70.19012999999995,-33.40269999999999],[-70.18976000099997,-33.40237999899995],[-70.18721999999997,-33.401529998999926],[-70.18679999999995,-33.401049999999934],[-70.18706999999995,-33.399689999999964],[-70.18799000099995,-33.39892999899996],[-70.18794000099996,-33.39868999899994],[-70.18713999999994,-33.398279998999946],[-70.1871,-33.39728999899994],[-70.18883999999997,-33.39512999899994],[-70.18876999999998,-33.394359998999946],[-70.18802999999997,-33.39355999999999],[-70.18806999999998,-33.39325999899994],[-70.18835000099996,-33.39305999899996],[-70.18950999999998,-33.39325999999993],[-70.19158999999996,-33.393279999999955],[-70.19205999999997,-33.393129998999946],[-70.19426000099998,-33.39109999899996],[-70.19525000099998,-33.389449998999964],[-70.19526000099995,-33.38893999899994],[-70.19457999999997,-33.387649998999954],[-70.19367499999998,-33.38649999999992],[-70.19294999999994,-33.38580999999993],[-70.19193999999999,-33.38524999999993],[-70.19199999999995,-33.38484999999995],[-70.19280999999995,-33.38371999999998],[-70.19335999999998,-33.38173999999997],[-70.19330999999994,-33.38098999899995],[-70.19291999999996,-33.38043999999997],[-70.19189999999998,-33.38001999899995],[-70.19006000099995,-33.379659998999934],[-70.18885999999998,-33.37894999999997],[-70.18535999999995,-33.37877999999994],[-70.18487999999996,-33.378489999999935],[-70.18471999999997,-33.377449998999964],[-70.18399999999997,-33.37616999899997],[-70.18476999999996,-33.373829999999934],[-70.18434999999994,-33.37145999899997],[-70.18448999999998,-33.369209998999956],[-70.18429999999995,-33.3687499989999],[-70.18327999999997,-33.36871999899994],[-70.18201000099998,-33.36916999899995],[-70.18077000099998,-33.369329998999945],[-70.17880999999994,-33.37078999899995],[-70.17662999999999,-33.37157999899994],[-70.17529999999994,-33.37163999899997],[-70.17193000099996,-33.373389998999976],[-70.17168999999996,-33.37377999899996],[-70.17168999999996,-33.374259998999946],[-70.17274000099998,-33.37745999899994],[-70.17252999999994,-33.378429998999934],[-70.17306999999994,-33.37976999899996],[-70.17313999999993,-33.380819998999975],[-70.17231999999996,-33.38367999899998],[-70.17134999999996,-33.38499999899993],[-70.17127999999997,-33.38593999899996],[-70.17085999999995,-33.386449998999986],[-70.17071999999996,-33.387359998999955],[-70.16969999999998,-33.38927999999993],[-70.16871999999995,-33.38992999899994],[-70.16640999999998,-33.39019999899996],[-70.16547999999995,-33.39167999899995],[-70.16507999999999,-33.39195999899994],[-70.16464999999994,-33.39188999899994],[-70.16400999999996,-33.39077999899996],[-70.16340999999994,-33.39036999899997],[-70.16282999999999,-33.39050999899997],[-70.16203999999993,-33.39195999899992],[-70.16173999999995,-33.39199999999994],[-70.16144999999995,-33.39157999899993],[-70.16154999999998,-33.39018999999996],[-70.16238999999996,-33.38895999999993],[-70.16270999999995,-33.38806999899999],[-70.16278999999997,-33.38688999999993],[-70.16303999999997,-33.38651999999997],[-70.16295999999994,-33.38567999899993],[-70.16344999999995,-33.38519999999994],[-70.16354999999999,-33.38452999999998],[-70.16426999999999,-33.38381999999994],[-70.16446999999994,-33.38326999899993],[-70.16446999999994,-33.38155999899994],[-70.16375999999997,-33.38072999899999],[-70.16382999999996,-33.380379998999956],[-70.16441000099996,-33.37991999999998],[-70.16431999999999,-33.379209998999954],[-70.16342999999995,-33.37775999899998],[-70.16374999999994,-33.377279998999946],[-70.16490999999996,-33.37668999899994],[-70.16502999999994,-33.37568999899996],[-70.16458999999998,-33.375349999999955],[-70.16494000099993,-33.374789998999965],[-70.16488999999996,-33.37422999899997],[-70.16459999999995,-33.37376999999999],[-70.16443999999996,-33.37261999999999],[-70.16367999999994,-33.37140999899999],[-70.16384999999997,-33.37044999899996],[-70.16371999999996,-33.37016999899998],[-70.16377999999997,-33.36979999899994],[-70.16419000099995,-33.369409999999945],[-70.16417999999999,-33.36908999899998],[-70.16387999999995,-33.36892999999998],[-70.16385999999994,-33.36869999899994],[-70.16419999999994,-33.368279998999974],[-70.16415999999998,-33.36750999899994],[-70.16469999999998,-33.36627999899996],[-70.16519000099998,-33.36578999999995],[-70.16506000099997,-33.36495999899995],[-70.16524999999996,-33.36385999899994],[-70.16602999999998,-33.36280999899998],[-70.16757999999999,-33.362319999999954],[-70.16980999999998,-33.36199999899997],[-70.17190999999997,-33.36063999999993],[-70.17282999999998,-33.36043999899994],[-70.17318999999998,-33.36010999899996],[-70.17271999999997,-33.35952999899997],[-70.17239999999998,-33.35870999899998],[-70.17100999999997,-33.35804999899996],[-70.17046999999997,-33.35731999899998],[-70.16906999999998,-33.35649999899993],[-70.16912999999994,-33.35600999899997],[-70.17038999999994,-33.354699998999926],[-70.17083999999996,-33.353629999999946],[-70.17059999999998,-33.35333999899995],[-70.17000999999993,-33.35328999899997],[-70.16956000099998,-33.35300999899993],[-70.16857999999996,-33.35299999899997],[-70.16845999999998,-33.35265999899996],[-70.16885999999994,-33.35221999899995],[-70.17003999999999,-33.35217999999996],[-70.17113999999998,-33.35178999999994],[-70.17224000099998,-33.351779998999966],[-70.17268999999999,-33.35146999899996],[-70.17257999999998,-33.35069999899997],[-70.17219999999998,-33.35012999899993],[-70.17197999999996,-33.34928999999993],[-70.17222999999996,-33.34874999899995],[-70.17068999999998,-33.34786999899995],[-70.16960999999998,-33.347539998999935],[-70.16959999999995,-33.34717999899993],[-70.17043999999999,-33.34621999899998],[-70.17046999999997,-33.34501999999996],[-70.17094499999996,-33.344284998999974],[-70.17115999999999,-33.34296999899994],[-70.17354999999998,-33.34105999899996],[-70.17433999999997,-33.33980999899995],[-70.17436999999995,-33.33921999999995],[-70.17386999999997,-33.33876999899997],[-70.17286999999999,-33.33857999999998],[-70.17067000099996,-33.33715999999999],[-70.17012999999997,-33.33699999999992],[-70.16875000099998,-33.33703999999994],[-70.16735999999997,-33.33597999899995],[-70.16764999999998,-33.33542999899997],[-70.16870999999998,-33.334949999999935],[-70.16962000099994,-33.333449998999974],[-70.17023999999998,-33.33298999899997],[-70.17018999999993,-33.33255999899996],[-70.16971999999998,-33.332319999999974],[-70.16973999999993,-33.33187999899997],[-70.17102999999997,-33.33109999899994],[-70.17138999999997,-33.33057999999994],[-70.17118000099998,-33.32939999899997],[-70.17197999999996,-33.32918999899993],[-70.17210000099993,-33.32896999899997],[-70.17151000099994,-33.328019999999974],[-70.17153999999994,-33.327274998999926],[-70.17186999999997,-33.326619998999945],[-70.17264999999998,-33.32611999899995],[-70.17267999999996,-33.32583999899998],[-70.17249999999996,-33.325639999999964],[-70.17173999999994,-33.32543999899996],[-70.17094999999995,-33.32413999999994],[-70.17030999999997,-33.32399999899996],[-70.16846999999996,-33.32404999899996],[-70.16816999999998,-33.32393999899995],[-70.16801999999996,-33.32361999999994],[-70.16814000099998,-33.32337999999993],[-70.16864999999996,-33.32318999899996],[-70.17004999999995,-33.32304999999996],[-70.17055999999997,-33.32281999899993],[-70.17146999999994,-33.32093999899995],[-70.17280999999997,-33.32060999899992],[-70.17426000099994,-33.31949999999996],[-70.17571999999996,-33.31950999999997],[-70.17589999999996,-33.31915999899996],[-70.17576999999994,-33.31790999999999],[-70.17610999999994,-33.31758999899994],[-70.17689999999993,-33.31745999999999],[-70.17727000099995,-33.317209998999935],[-70.17691999999994,-33.31646999899993],[-70.17695999999995,-33.31596999899994],[-70.17767999999997,-33.31535999999995],[-70.17791000099999,-33.31461999999993],[-70.17606999999998,-33.31475999899992],[-70.17590999999999,-33.31457999899991],[-70.17600999999996,-33.31376999899993],[-70.17469999999997,-33.31369999999998],[-70.17184999999995,-33.31149999899998],[-70.17112999999995,-33.31155999899994],[-70.17023999999998,-33.31259999899993],[-70.16934999999995,-33.31227999999993],[-70.16823999999997,-33.31215999899996],[-70.16735999999997,-33.311399998999946],[-70.16738999999995,-33.310429999999954],[-70.16670999999997,-33.309709999999946],[-70.16692000099994,-33.30868999899997],[-70.16573999999997,-33.308129999999956],[-70.16530999999998,-33.30737999899997],[-70.16529999999995,-33.30674999899997],[-70.16549999999995,-33.30636999899996],[-70.16574999999995,-33.30629999999996],[-70.16886999999997,-33.30653999899993],[-70.16972000099997,-33.30637999899993],[-70.17052999999999,-33.30523999899998],[-70.17174499999999,-33.30447999999996],[-70.17181999999997,-33.304159998999985],[-70.17163999999997,-33.30391999999995],[-70.17064999999998,-33.30353999999994],[-70.17063999999993,-33.30308999999993],[-70.17099999999994,-33.30264999999997],[-70.17212999999998,-33.30201999899999],[-70.17368000099998,-33.30162999999994],[-70.17483999999996,-33.30105999899995],[-70.17595999999998,-33.300089998999965],[-70.17696999999998,-33.29989999999997],[-70.17716999999993,-33.299539998999926],[-70.17693999999995,-33.29881999999998],[-70.17730999999998,-33.29797999999993],[-70.17850999999996,-33.29747999899995],[-70.18042999999994,-33.29610999899995],[-70.18235999999996,-33.29500999899996],[-70.18432999999999,-33.29421999899995],[-70.18787999999995,-33.29220999899996],[-70.18917499999998,-33.29106999999993],[-70.18958000099997,-33.29009999899994],[-70.18931999999995,-33.28895999899993],[-70.18892999999998,-33.28858999899996],[-70.18808999999999,-33.28888999999998],[-70.18658000099998,-33.28898999899997],[-70.18447999999995,-33.29033999899996],[-70.18285999999995,-33.29034999899994],[-70.18133999999998,-33.29074999999995],[-70.18011999999999,-33.290519998999955],[-70.17934999999994,-33.28975999899994],[-70.17783999999995,-33.28901999899993],[-70.17742999999996,-33.28899999899994],[-70.17703999999998,-33.28914999999994],[-70.17646999999994,-33.29021999899992],[-70.17555000099998,-33.29112999999995],[-70.17132999999995,-33.29290999999996],[-70.16852999999998,-33.29314999899997],[-70.16776000099998,-33.292589998999965],[-70.16662999999994,-33.29262999999998],[-70.16599999999994,-33.29220999899998],[-70.16496000099995,-33.292059998999946],[-70.16468999999995,-33.291739998999944],[-70.16479000099997,-33.29127999999998],[-70.16815999999994,-33.28756999999996],[-70.16910000099995,-33.28547999999996],[-70.16904999999997,-33.28363999899993],[-70.16973999999993,-33.28201999999992],[-70.16960999999998,-33.28174999899994],[-70.16874999999999,-33.28144999999995],[-70.16862999999995,-33.28100999999996],[-70.16893999999996,-33.280599999999936],[-70.16988999999995,-33.28013999999996],[-70.16985999999997,-33.27985999899994],[-70.16937999999993,-33.27950999899996],[-70.16931999999997,-33.27909999999998],[-70.17021999999997,-33.27783999899997],[-70.17020000099996,-33.27765999999996],[-70.16887999999994,-33.27717999899995],[-70.16899999999998,-33.27617999899997],[-70.16880999999995,-33.275899998999925],[-70.16724999999997,-33.27573999899996],[-70.16630999999995,-33.27455999899997],[-70.16463999999996,-33.27414999899997],[-70.16421999999994,-33.27373999899992],[-70.16401999999994,-33.27334999899994],[-70.16416999999996,-33.27239999899995],[-70.16384999999997,-33.271829999999966],[-70.16379999999998,-33.27115999899997],[-70.16430000099996,-33.27055999999994],[-70.16591999999997,-33.27026999899993],[-70.16765999999996,-33.26944999899996],[-70.16833999999994,-33.268519998999984],[-70.16939999999994,-33.268009998999965],[-70.17004000099996,-33.267119998999924],[-70.17116000099998,-33.26716999899997],[-70.17183999999997,-33.26676999899997],[-70.17275999999998,-33.266609998999954],[-70.17345999999998,-33.26679999999994],[-70.17418999999995,-33.267259998999954],[-70.17454999999995,-33.267269998999964],[-70.17506999999995,-33.26610999899997],[-70.17663999999996,-33.265159998999934],[-70.17755999999997,-33.26493999899997],[-70.18083999999993,-33.26472999999993],[-70.18040999999994,-33.263199998999944],[-70.18087999999995,-33.262589998999935],[-70.18199999999996,-33.26227999899993],[-70.18251999999995,-33.26195999899995],[-70.18458999999996,-33.26172999899995],[-70.18690999999995,-33.25992999899995],[-70.18849000099993,-33.25917999999995],[-70.18919999999997,-33.25905999899992],[-70.18999999999994,-33.25921999899998],[-70.19004999999999,-33.25845999999995],[-70.19099999999997,-33.25781999999996],[-70.19105000099995,-33.25707999999998],[-70.19079999999997,-33.25648999999993],[-70.19127999999995,-33.25554999899997],[-70.19081999999997,-33.255339999999926],[-70.19027999999997,-33.255444998999955],[-70.19024999999993,-33.25471999899997],[-70.18916999999993,-33.25385999999997],[-70.18873999999994,-33.25196999899999],[-70.18818999999996,-33.25153999999998],[-70.18726999999996,-33.25114999899994],[-70.18623999999994,-33.25118999899996],[-70.18489999999997,-33.25073999999994],[-70.18291999999997,-33.251459999999945],[-70.18219000099998,-33.251439999999945],[-70.18057999999996,-33.250529998999966],[-70.17898000099996,-33.24881999899997],[-70.17867999999999,-33.24870999899996],[-70.17812000099997,-33.248769998999926],[-70.17719000099999,-33.24939999899993],[-70.17575000099998,-33.24920999899998],[-70.17554999999999,-33.25029999899993],[-70.17610999999994,-33.25252999899993],[-70.17591999999996,-33.25295999899997],[-70.17419000099994,-33.25274999899995],[-70.16954999999996,-33.25260999899996],[-70.16763999999995,-33.251989998999925],[-70.16544999999996,-33.25028999899997],[-70.16430999999994,-33.25021999899997],[-70.16329999999994,-33.25051999999994],[-70.16189999999995,-33.25154999899997],[-70.16131999999993,-33.25168999899995],[-70.16079999999994,-33.25163999999994],[-70.15919999999994,-33.250879998999935],[-70.15848999999997,-33.250789999999924],[-70.15714999999996,-33.251489998999936],[-70.15515999999997,-33.25202999899994],[-70.15194999999996,-33.25359999899995],[-70.15086999999994,-33.25363999899997],[-70.14862999999997,-33.25215999899996],[-70.14888999999994,-33.250929999999975],[-70.14865999999995,-33.250219998999974],[-70.14881999999994,-33.24922999899998],[-70.14837000099993,-33.24870999899997],[-70.14838000099996,-33.24782999899998],[-70.14777000099997,-33.247209998999956],[-70.14754999999997,-33.24620999899998],[-70.14725000099997,-33.24603999899995],[-70.14660999999995,-33.24605999899994],[-70.14643999999998,-33.24581999899993],[-70.14652000099994,-33.24521999899997],[-70.14733000099994,-33.24469999899997],[-70.14790000099998,-33.244069998999976],[-70.149680001,-33.242959998999964],[-70.15075999999993,-33.24283999899994],[-70.15140999999994,-33.24201999899997],[-70.15202999999997,-33.24168999899996],[-70.15164999999996,-33.24115999899993],[-70.15164000099998,-33.24072999899992],[-70.15206000099994,-33.24033999899996],[-70.15299999999996,-33.240129998999976],[-70.15344999999996,-33.23979999899996],[-70.15360000099997,-33.23808999899995],[-70.15418999999997,-33.23716999899995],[-70.15458000099994,-33.23697999899997],[-70.15894999999995,-33.23665999799993],[-70.15910999999994,-33.23575999899998],[-70.15978000099994,-33.23459999899995],[-70.16000999999996,-33.23296999899996],[-70.16145999999998,-33.231549998999974],[-70.16235999999998,-33.23104999899993],[-70.16230999999993,-33.23040999899996],[-70.16265000099997,-33.228869998999976],[-70.16318999999999,-33.22842999899995],[-70.16462000099995,-33.22789999899993],[-70.16555999999997,-33.22697999899997],[-70.16566000099994,-33.22624999899994],[-70.16459499999996,-33.22534999999992],[-70.16481000099998,-33.22476999899993],[-70.16547999999995,-33.224649998999936],[-70.16712000099994,-33.22506999899998],[-70.16956000099998,-33.22613999899994],[-70.17034999999998,-33.226299998999934],[-70.17119000099996,-33.22688999899997],[-70.17183000099993,-33.22698999899996],[-70.17249999999996,-33.22526999899998],[-70.17422999999997,-33.22316999899993],[-70.17430999999993,-33.22174999899993],[-70.17501999999996,-33.22031999899997],[-70.17625999999996,-33.219439998999974],[-70.17761999999993,-33.21915999899995],[-70.17828999999996,-33.21818999899994],[-70.17900999999995,-33.21677999899998],[-70.17915000099998,-33.21608999899997],[-70.17904000099998,-33.21424999899995],[-70.17925000099996,-33.213869998999925],[-70.18067000099995,-33.21303999899992],[-70.18093999999996,-33.212219998999956],[-70.18079999999998,-33.21077999899996],[-70.18110999999993,-33.20985999899995],[-70.17996999999997,-33.20891999899994],[-70.17958000099998,-33.20774999899993],[-70.17758999999995,-33.206879998999966],[-70.17740000099997,-33.205339998999925],[-70.17578999999995,-33.20531999899998],[-70.17469000099999,-33.20505999799995],[-70.17348999999996,-33.20510999899995],[-70.17233999999996,-33.20459999899996],[-70.17058000099996,-33.204709998999924],[-70.16990999999996,-33.20445999899994],[-70.16871999999995,-33.20322999899997],[-70.16847999999999,-33.20324999899997],[-70.16727999999995,-33.20454999899994],[-70.16663999999997,-33.206329998999934],[-70.16587999999996,-33.20741999899997],[-70.16529999999995,-33.20792999899993],[-70.16402000099998,-33.20844999899999],[-70.16255999999998,-33.20832999899994],[-70.16082000099993,-33.20751999899994],[-70.15899999999993,-33.20612999899996],[-70.15720999999996,-33.20535999899991],[-70.15697999999998,-33.205619998999964],[-70.15674999999999,-33.20666999899993],[-70.15598999999997,-33.20693999899992],[-70.15587999999997,-33.20922999899993],[-70.15501000099994,-33.21061999899996],[-70.15474000099994,-33.21231999899993],[-70.15325999999999,-33.21356999899997],[-70.15140000099996,-33.21435999899995],[-70.15029999999996,-33.21451999899995],[-70.14970000099999,-33.21502999899996],[-70.14930000099997,-33.21682999899998],[-70.14976000099995,-33.21735999899994],[-70.14977999999996,-33.217749998999984],[-70.14895999999999,-33.21867999899997],[-70.14826000099998,-33.21891999899998],[-70.14784999999995,-33.21946999899994],[-70.14718999999997,-33.21959999899997],[-70.14693999999997,-33.219849998999955],[-70.14706000099994,-33.22086999899994],[-70.14655999999997,-33.22229999899997],[-70.14471999999995,-33.222819998999974],[-70.14352999999994,-33.22280999899994],[-70.14252000099998,-33.22232999899995],[-70.14122999999995,-33.22265999899997],[-70.14099999999996,-33.22286999899995],[-70.14122999999995,-33.223409998999934],[-70.14112000099993,-33.224829998999944],[-70.14075000099996,-33.22546999899997],[-70.13955000099998,-33.225609998999964],[-70.13828999999998,-33.22613999899994],[-70.13680000099998,-33.22607999899997],[-70.13619999999997,-33.22626999899995],[-70.13487000099997,-33.22574999899996],[-70.13440999999995,-33.22522999899995],[-70.13423999999998,-33.22433999899993],[-70.13436999999993,-33.22311999899996],[-70.13379999999995,-33.22275999899995],[-70.13393999999994,-33.22204999899997],[-70.13348000099995,-33.22125999899998],[-70.13282999999996,-33.22076999899997],[-70.13146999999998,-33.22036999899995],[-70.13105999999993,-33.219569998999916],[-70.13055999999995,-33.219139998999935],[-70.12858000099999,-33.218999998999934],[-70.12768999999997,-33.218479998999946],[-70.12621999999993,-33.21808999899994],[-70.12599999999998,-33.21784999899995],[-70.12557999999996,-33.217229998999976],[-70.12544999999994,-33.21617999899997],[-70.12663999999995,-33.21533999899999],[-70.12667000099998,-33.21489999899993],[-70.12569000099995,-33.21378999899996],[-70.12527999999998,-33.21283999899998],[-70.12557000099997,-33.21198999899997],[-70.12543999999997,-33.211739998999974],[-70.12421999999998,-33.21155999899997],[-70.12308000099995,-33.21161999899994],[-70.12091000099997,-33.211279998999935],[-70.11959000099995,-33.210229998999964],[-70.11936999999995,-33.209659998999946],[-70.11949000099997,-33.209239999],[-70.12049999999994,-33.20808999899998],[-70.12287999999995,-33.20614999899993],[-70.12442000099998,-33.20532999899995],[-70.12626999999998,-33.20370999899995],[-70.12792999999994,-33.20259999899995],[-70.13053000099995,-33.201479998999964],[-70.13044000099995,-33.20105999899992],[-70.12922999999995,-33.20044999899994],[-70.12653000099994,-33.19976999899997],[-70.12547000099994,-33.19900999899995],[-70.12514999999996,-33.19851999899999],[-70.12513000099995,-33.19823999899995],[-70.12536999999998,-33.198159998999984],[-70.12628999999998,-33.19825999899996],[-70.12696000099999,-33.19855999899993],[-70.12739999999997,-33.19853999899993],[-70.12799000099994,-33.198239998999945],[-70.12864000099995,-33.197469998999956],[-70.12886999999995,-33.19652999899996],[-70.12989999999996,-33.19462999899995],[-70.12934000099995,-33.19393999899996],[-70.12950000099994,-33.19337999899994],[-70.13221999999996,-33.19288999899993],[-70.13323999999994,-33.19234999899992],[-70.13391000099995,-33.19176999899997],[-70.13387999999998,-33.191549998999946],[-70.13317999999998,-33.190939998999966],[-70.13325000099996,-33.190579998999965],[-70.13513000099994,-33.18979999899993],[-70.13781999999998,-33.190029998999925],[-70.13898999999998,-33.18989999899998],[-70.13946000099999,-33.18883999899997],[-70.14156999999994,-33.187869998999915],[-70.14307000099996,-33.18745999899993],[-70.14349999999996,-33.18698999899993],[-70.14462999999995,-33.186409998999984],[-70.14596999999998,-33.18606999899999],[-70.14536999999996,-33.18534999899998],[-70.14448999999996,-33.18240999899996],[-70.14402999999999,-33.18199999899997],[-70.14402999999999,-33.18170999899998],[-70.14466999999996,-33.18097999899993],[-70.14466999999996,-33.180679998999935],[-70.14375999999999,-33.180219998999966],[-70.14361000099996,-33.17904999899995],[-70.14226999999994,-33.17793999899993],[-70.14168000099994,-33.17711999899996],[-70.14148000099995,-33.17475999899993],[-70.14193999999998,-33.17380999899996],[-70.14279000099998,-33.17278999899996],[-70.14358499999997,-33.17082999999997],[-70.14360000099998,-33.16807999899993],[-70.14436999999998,-33.166769998999925],[-70.14552000099997,-33.16588999899993],[-70.14626999999996,-33.16554999899994],[-70.14772999999997,-33.16521999899992],[-70.15025999999995,-33.164149998999946],[-70.15232999999995,-33.16383999899995],[-70.15615999999994,-33.16241999899995],[-70.15773999999993,-33.16228999899993],[-70.15815999999995,-33.16147999899994],[-70.15919000099996,-33.16047999899996],[-70.15914000099997,-33.160199998999936],[-70.15838999999994,-33.159999998999986],[-70.15810000099998,-33.15966999899995],[-70.15792000099998,-33.159289998999945],[-70.15792999999996,-33.15815999899995],[-70.15754999999996,-33.15813999899995],[-70.15668000099998,-33.15858999899995],[-70.15608999999995,-33.158299998999944],[-70.15491999999995,-33.15876999899995],[-70.15435999999994,-33.15876999899995],[-70.15404000099996,-33.15784999899996],[-70.15224999999998,-33.15812999899999],[-70.15160999999995,-33.15797999899997],[-70.15018000099997,-33.15710999899995],[-70.14889999999998,-33.15795999899995],[-70.14823999999999,-33.15801999899998],[-70.14720999999997,-33.15658999899994],[-70.14658999999995,-33.15636999899992],[-70.14625000099994,-33.15650999899997],[-70.14591999999993,-33.15706999899993],[-70.14480999999995,-33.15776999899996],[-70.14466000099998,-33.15894999899997],[-70.14438999999999,-33.15928999899994],[-70.14330000099994,-33.15938999899997],[-70.14213000099994,-33.15913999899993],[-70.141100001,-33.159549998999964],[-70.14004000099999,-33.16087999899996],[-70.13955999999996,-33.16211999899996],[-70.13763000099993,-33.16393999899998],[-70.13560999999999,-33.16628999899996],[-70.13469000099997,-33.16682999899995],[-70.13256999999999,-33.16706999899998],[-70.13139999999999,-33.16706999899997],[-70.13065999999998,-33.166859998999946],[-70.12853999999999,-33.16568999899994],[-70.12464999999997,-33.164899998999935],[-70.12440999999995,-33.16460999899994],[-70.12432000099994,-33.163759998999986],[-70.12313999999998,-33.161339998999935],[-70.12291000099998,-33.15969999899994],[-70.11951272299996,-33.158997454999955],[-70.11822000099994,-33.15920999899997],[-70.11720999999994,-33.15859999899993],[-70.11694923099998,-33.15861741499998],[-70.11637000099995,-33.15907999899997],[-70.11630499999995,-33.16076999899997],[-70.11487000099999,-33.16221999899994],[-70.11329999999998,-33.162799998999965],[-70.11223999999999,-33.164069998999935],[-70.10993999999994,-33.16441999899995],[-70.10980999999998,-33.16538999899996],[-70.11071000099997,-33.16648999899996],[-70.11075999999997,-33.16703999899994],[-70.10960000099993,-33.16868999899997],[-70.10910000099994,-33.17136999899999],[-70.10906999999997,-33.173149998999975],[-70.10867000099995,-33.17363999899994],[-70.10778999999997,-33.173999998999925],[-70.10747999999995,-33.17455999899994],[-70.10302000099995,-33.17373999899996],[-70.10221999999999,-33.174119998999956],[-70.10185999999999,-33.17411999899997],[-70.09788000099996,-33.171599998999966],[-70.09542999999996,-33.17058999899996],[-70.09455999999994,-33.17055999899997],[-70.09343000099994,-33.17080999899997],[-70.09182000099997,-33.17156999899992],[-70.09152999999998,-33.17192999899992],[-70.09189000099997,-33.17275999899994],[-70.09166000099998,-33.17369999799996],[-70.09289999999999,-33.17424999899999],[-70.09340000099996,-33.17534999899995],[-70.09272999999996,-33.17609999899997],[-70.09275000099996,-33.176719998999936],[-70.09306999999995,-33.177359998999975],[-70.09525999999994,-33.17949999899998],[-70.09541999999993,-33.180419998999966],[-70.09636999999998,-33.18048999899995],[-70.09711000099998,-33.180899998999955],[-70.09977999999997,-33.18156999899998],[-70.10136000099993,-33.18176999899998],[-70.10186999999996,-33.182059998999925],[-70.10160999999994,-33.18318999899997],[-70.10179999999997,-33.18782999899997],[-70.10057000099994,-33.189979998999945],[-70.09929000099999,-33.19068999899998],[-70.09902999999997,-33.19109999899996],[-70.09970000099997,-33.19253999899997],[-70.10067999999995,-33.19592999899993],[-70.10050000099994,-33.19777999799992],[-70.09898000099997,-33.20106999899997],[-70.09875999999997,-33.20219999899996],[-70.09606999999994,-33.20403999899997],[-70.09613999999993,-33.204339998999956],[-70.09661999999997,-33.204709998999924],[-70.09692000099994,-33.20574999899997],[-70.09685999999994,-33.20622999899995],[-70.09639000099997,-33.20653999899995],[-70.09634999999997,-33.20744999899995],[-70.09591000099994,-33.20841999899995],[-70.09567999999996,-33.208459998999956],[-70.09477999999996,-33.207519998999956],[-70.09351999999996,-33.20743999899997],[-70.09309999999994,-33.20776999799994],[-70.09252999999995,-33.20786999899996],[-70.09223000099996,-33.20822999899997],[-70.09182999999996,-33.20837999899993],[-70.09109999999998,-33.208279998999956],[-70.09071999999998,-33.20866999899992],[-70.08914000099998,-33.20842999899997],[-70.08801999999997,-33.20845999899994],[-70.08717999999993,-33.208059998999936],[-70.08693000099998,-33.20808999899999],[-70.08651999999995,-33.20854999899995],[-70.08623999999998,-33.20853999899998],[-70.08593999999994,-33.20819999899994],[-70.08554000099997,-33.20819999899992],[-70.08511999999996,-33.20861999899996],[-70.08453999999995,-33.20886999899993],[-70.08540000099998,-33.21093999899994],[-70.08526000099994,-33.21268999899996],[-70.08618999999999,-33.21255999899995],[-70.08861000099995,-33.21124999899996],[-70.08995000099998,-33.21222999899993],[-70.09059999999994,-33.21318999799996],[-70.09201999999993,-33.214199998999966],[-70.09239999999994,-33.214219998999965],[-70.09282000099995,-33.21393999899992],[-70.09315999999995,-33.214069998999946],[-70.09410999999994,-33.21530999899992],[-70.09393999999998,-33.218099998999946],[-70.09444999999994,-33.21875999899993],[-70.09452999999996,-33.219579998999954],[-70.09492999999998,-33.21996999899994],[-70.09515999999996,-33.22098999899998],[-70.09489999999994,-33.22136999899993],[-70.09396999999996,-33.22180999899996],[-70.09334999999999,-33.22276999899997],[-70.09330999999997,-33.22439999899994],[-70.09355000099998,-33.22475999899995],[-70.09435000099995,-33.22515999899997],[-70.09442000099995,-33.22556999899995],[-70.09358000099996,-33.22679999899998],[-70.09286999999995,-33.22730999899994],[-70.09279000099997,-33.227689998999935],[-70.09335000099998,-33.22789999899992],[-70.09362000099999,-33.22841999899999],[-70.09402999999998,-33.22867999899996],[-70.09528999999998,-33.228079998999924],[-70.09593999999998,-33.228029998999936],[-70.09692999999999,-33.22808999899996],[-70.09837000099998,-33.22847999899994],[-70.09819999999996,-33.22942999899993],[-70.09749999999997,-33.230199998999986],[-70.09737000099996,-33.23062999899998],[-70.09767000099998,-33.232699998999976],[-70.09738000099998,-33.23313999899993],[-70.09650000099998,-33.233109998999964],[-70.09655999999995,-33.233729998999934],[-70.09627999999998,-33.23413999899998],[-70.09637000099997,-33.23479999899995],[-70.09610000099997,-33.23543999899993],[-70.09652999999997,-33.235559998999975],[-70.09704000099998,-33.23542999899996],[-70.09792999999996,-33.23576999899994],[-70.09794999999998,-33.23621999899996],[-70.09725999999995,-33.23698999899996],[-70.09696000099996,-33.23770999899994],[-70.09811000099995,-33.238539998999954],[-70.09844999999996,-33.24020999899993],[-70.09816999999998,-33.24051999899996],[-70.09722000099998,-33.24060999899996],[-70.09494999999998,-33.24178999899993],[-70.09258999999997,-33.242159998999966],[-70.09213999999997,-33.24332999899996],[-70.09084999999999,-33.24390999899998],[-70.08964999999995,-33.24386999899997],[-70.08913999999999,-33.244039998999924],[-70.08873999999997,-33.24482999899993],[-70.08660000099997,-33.246009998999966],[-70.08454000099994,-33.24566999899997],[-70.08343000099995,-33.244859998999964],[-70.08308999999997,-33.24495999899996],[-70.08267000099994,-33.24560999899996],[-70.08170000099994,-33.24549999899995],[-70.08143999999999,-33.24573999899997],[-70.08111999999994,-33.24699999799997],[-70.08050000099996,-33.24752999899993],[-70.07987999999995,-33.24767999899997],[-70.07842999999997,-33.24756999899996],[-70.07648000099994,-33.24856999899998],[-70.07424000099998,-33.24876999899993],[-70.07227999999998,-33.25019999899996],[-70.07083999999998,-33.25056999899994],[-70.07013999999998,-33.25180999899993],[-70.07027000099998,-33.25221999899996],[-70.07092000099993,-33.25224999999995],[-70.07131999999996,-33.25260999899996],[-70.07162999999997,-33.252529998999925],[-70.07245999999998,-33.251659999999966],[-70.07306999999997,-33.25140999899998],[-70.07870999999994,-33.25151999999997],[-70.08152999999999,-33.25180999899993],[-70.08347999999995,-33.25224999899996],[-70.08507999999995,-33.253059998999966],[-70.08680000099997,-33.25302999899998],[-70.08786999999995,-33.253279999999954],[-70.08910999999995,-33.25311999899997],[-70.08985999999999,-33.253659998999986],[-70.08991999999995,-33.25547999899992],[-70.09074999999996,-33.25630999899994],[-70.09108999999995,-33.25626999899998],[-70.09157999999996,-33.255719999999926],[-70.09326999999996,-33.25604999999995],[-70.09593999999998,-33.25509999899998],[-70.09820999999994,-33.254679999999944],[-70.09975000099996,-33.25473999899999],[-70.10199999999998,-33.255299998999924],[-70.10234999999994,-33.25620999899996],[-70.10220999999996,-33.25908999999995],[-70.10159999999996,-33.26009999999998],[-70.10046999999997,-33.260849998999966],[-70.09999000099998,-33.26141999999992],[-70.09977999999997,-33.26284999899997],[-70.09933000099994,-33.264099998999946],[-70.10212999999999,-33.26577999999995],[-70.10405999999995,-33.267399998999956],[-70.10576000099998,-33.268289998999926],[-70.10608000099995,-33.26884999899994],[-70.10107999999997,-33.27089999999998],[-70.09838999999994,-33.27219999899995],[-70.09800999999999,-33.272589998999926],[-70.09800999999999,-33.27288999899994],[-70.09844999999996,-33.273179998999964],[-70.09862999999996,-33.27381999899994],[-70.10024999999996,-33.27429999899994],[-70.10227999999995,-33.275689999999926],[-70.10367999999994,-33.27641999999997],[-70.10466999999994,-33.27847999899996],[-70.10793999999999,-33.28124999899994],[-70.10886000099998,-33.28183999899992],[-70.11283499999996,-33.28365499999995],[-70.11355999999996,-33.28437999999995],[-70.11354999999998,-33.28472999999997],[-70.11327999999997,-33.28493999899996],[-70.11177999999995,-33.28522999899997],[-70.10859999999997,-33.28631999899994],[-70.10784000099994,-33.287669998999945],[-70.10743999999994,-33.287839999999946],[-70.10691999999995,-33.28779999899998],[-70.10646999999994,-33.28805999899998],[-70.10604999999998,-33.29139999999995],[-70.10734000099995,-33.29527999999993],[-70.10771999999997,-33.29600999899997],[-70.10920000099998,-33.29746999999998],[-70.10951999999997,-33.29808999899996],[-70.10945000099997,-33.29843999899997],[-70.10868999999997,-33.298599998999975],[-70.10564000099998,-33.298249999999946],[-70.09994999999998,-33.29805999899997],[-70.09844999999996,-33.297869998999936],[-70.09770999999995,-33.29760999999996],[-70.09726999999998,-33.297649998999916],[-70.09698999999995,-33.29788999899997],[-70.09645999999998,-33.29787999899996],[-70.09640000099995,-33.298109999999944],[-70.09645999999998,-33.298709998999975],[-70.09722999999997,-33.29996999999997],[-70.09750999999994,-33.301359998999935],[-70.09787999999998,-33.30187999899993],[-70.09884000099999,-33.30261999999993],[-70.09980999999993,-33.30449999899996],[-70.10128999999995,-33.305569998999935],[-70.10227999999995,-33.30771999999997],[-70.10454999999996,-33.30950999899994],[-70.10613000099994,-33.31041999999997],[-70.10643999999996,-33.31079999899999],[-70.10645999999997,-33.31112999899995],[-70.10599999999994,-33.31155999899995],[-70.10382999999996,-33.31240999999993],[-70.10187999999994,-33.31359999899995],[-70.09882999999996,-33.31455999999996],[-70.09861999999998,-33.31471999999997],[-70.09891999999996,-33.31541999999996],[-70.09883000099995,-33.316209999999955],[-70.10057999899993,-33.31652999899995],[-70.10173999999995,-33.31719999999996],[-70.10225999999994,-33.317699999999945],[-70.10285999999996,-33.31897999899996],[-70.10470999999995,-33.31934999999993],[-70.10537999999997,-33.32017999899994],[-70.10646999999994,-33.32019999899996],[-70.10749999999996,-33.32083999899992],[-70.10863999999998,-33.32109999999993],[-70.10959999999994,-33.32195999999994],[-70.11049999999994,-33.32231499899995],[-70.11089999999996,-33.322829999999946],[-70.11107999999996,-33.32513999999997],[-70.11148999999995,-33.32604999899996],[-70.11122999999998,-33.326329999999984],[-70.11071999999996,-33.32643999999992],[-70.10897999999997,-33.326279998999944],[-70.10628999999994,-33.32528999999994],[-70.10578999999996,-33.32528999999994],[-70.10446999999994,-33.32579999999995],[-70.10357999999997,-33.325929998999975],[-70.10259999999994,-33.32675999999998],[-70.10115999999994,-33.32724999999992],[-70.09948999999995,-33.32858999999996],[-70.09745999999996,-33.32932999999997],[-70.09419999999994,-33.33236999999996],[-70.09309999999994,-33.333719999999964],[-70.09195999999997,-33.33420999899993],[-70.09118999999998,-33.33526999999999],[-70.09031999999996,-33.33542999999997],[-70.09025999999994,-33.33597999899997],[-70.09107999999998,-33.33703999899995],[-70.09105999999997,-33.33741999899996],[-70.09052999999994,-33.33798999999994],[-70.09090000099997,-33.33947999899993],[-70.09028999999998,-33.34050999999994],[-70.09032999999994,-33.341789999999946],[-70.09010999999998,-33.342249999999986],[-70.08884999999998,-33.34288999899995],[-70.08869999999996,-33.343269999999954],[-70.08875999999998,-33.34358999999994],[-70.08929999999998,-33.344049999999974],[-70.08918999999997,-33.34488999999996],[-70.08958999999999,-33.34539999999999],[-70.08936999999999,-33.34616999999997],[-70.09045999999995,-33.346389999999914],[-70.09096999999997,-33.34660999999995],[-70.09123999999997,-33.34694999999994],[-70.09126999999995,-33.34753999999999],[-70.09089999999998,-33.348019999999956],[-70.09079999999994,-33.34855999999996],[-70.09263999999996,-33.34861999899994],[-70.09321999999997,-33.34914999999996],[-70.09399000099995,-33.34952999999996],[-70.09451000099996,-33.350129999999965],[-70.09633999999994,-33.35032999999993],[-70.09845999999999,-33.35175999899997],[-70.10027999999994,-33.35198999999994],[-70.10123999999996,-33.352319999999956],[-70.10757000099994,-33.356719999999946],[-70.10891999999996,-33.35844999999995],[-70.10948999999994,-33.35967999999996],[-70.10936999999996,-33.36041999899993],[-70.10890999999998,-33.361299998999975],[-70.10885999999994,-33.362029998999944],[-70.10946999999999,-33.36441999999993],[-70.10882999999995,-33.36529999999993],[-70.10790999999995,-33.36573999999995],[-70.10596999999996,-33.36740999999994],[-70.10530999999999,-33.36770999899994],[-70.10540999999995,-33.36849999899994],[-70.10489999999999,-33.369479999999946],[-70.10548999999997,-33.36994999899997],[-70.10546999999997,-33.371679999999984],[-70.10474999999997,-33.37330999899996],[-70.10553999999996,-33.373899998999946],[-70.10583999999994,-33.37521999899995],[-70.10515999999996,-33.377419998999976],[-70.10366999999998,-33.379639999999945],[-70.10332999999997,-33.38300999999995],[-70.10291999999998,-33.383919999999925],[-70.10336999899994,-33.38488999999997],[-70.10329999999993,-33.38634999999993],[-70.10359999999997,-33.38702999999998],[-70.10443499899998,-33.38781499999993],[-70.10451999999998,-33.38905999899997],[-70.10375999899998,-33.39104999999995],[-70.10247999999996,-33.39340999999995],[-70.10215999999997,-33.39567999999998],[-70.10312999999996,-33.39672999999992],[-70.10418999999996,-33.39745999999997],[-70.10489999999999,-33.39856999899996],[-70.10594999999995,-33.399709999999956],[-70.10623999999996,-33.40087999999997],[-70.10599999999994,-33.401439998999926],[-70.10533999999996,-33.40202999899998],[-70.10381999999998,-33.402219999999936],[-70.10332999999997,-33.40243999899997],[-70.10295999999994,-33.402839998999966],[-70.10258999899997,-33.40381999899995],[-70.10175999999996,-33.404619999999966],[-70.10180999999994,-33.405019999999986],[-70.10234999999994,-33.40576999899997],[-70.10243999999994,-33.40753999899993],[-70.10268999999994,-33.408489999],[-70.10433000099994,-33.410639998999955],[-70.10489999999999,-33.41382999899997],[-70.10446999999994,-33.414099999999955],[-70.10369999999995,-33.413959998999935],[-70.10305999999999,-33.41405999899997],[-70.10209999999995,-33.41469999999999],[-70.10114000099998,-33.41469999999998],[-70.10101499999996,-33.41554999999995],[-70.10007999999993,-33.416739999999955],[-70.09965999999997,-33.41970999999996],[-70.09888999999998,-33.42116999999995],[-70.09900999999996,-33.42174999999996],[-70.10045999999994,-33.42368999999997],[-70.10065999999995,-33.42575999999997],[-70.10125999999997,-33.42716999899995],[-70.10241999999994,-33.42876999899995],[-70.10223999999994,-33.42912999999992],[-70.10180000099996,-33.42927999999995],[-70.09595999999993,-33.429059998999946],[-70.09454999999997,-33.42961999899995],[-70.09373999999997,-33.43052999999996],[-70.09284999999994,-33.432459999999935],[-70.09283999999998,-33.43341999899998],[-70.09311999999994,-33.43396999899993],[-70.09412999999995,-33.434859999999965],[-70.09481999999997,-33.43657999899994],[-70.09624999999994,-33.43821999999994],[-70.09609999999998,-33.439429999999945],[-70.09634999999997,-33.44028999999995],[-70.09589999999997,-33.44080999899996],[-70.09393999999998,-33.44121999999994],[-70.09175999999997,-33.442179999999944],[-70.08793000099996,-33.44533999899993],[-70.08691999999996,-33.44643999999994],[-70.08621999999997,-33.44744999999994],[-70.08599999999996,-33.44806999899998],[-70.08603999899998,-33.44874999899995],[-70.08636999999999,-33.44960999999994],[-70.08780499999995,-33.45095999899996],[-70.08796999999998,-33.45158999999995],[-70.08780999999993,-33.45175999999997],[-70.08674999999994,-33.452039998999965],[-70.08603999999997,-33.45202999999997],[-70.08355999899999,-33.45126999899997],[-70.08200999999997,-33.45103999999998],[-70.07962999999995,-33.45129999999994],[-70.07698999999997,-33.45197999999993],[-70.07612999999998,-33.45181999899995],[-70.07570500099996,-33.45138499999995],[-70.07555999999994,-33.450619999999944],[-70.07565999999997,-33.44838999899998],[-70.07591999999994,-33.44737999999995],[-70.07810500099998,-33.44518999999996],[-70.07859999999994,-33.44408999899998],[-70.07853999999998,-33.44224999899996],[-70.07813999999996,-33.44113999999996],[-70.07723,-33.439959998999946],[-70.07696999999996,-33.43930999899993],[-70.07630999999998,-33.43909999999994],[-70.07532999999995,-33.43838999999996],[-70.07271999999995,-33.43754999999992],[-70.06949999999995,-33.43711999999994],[-70.06786999999997,-33.43757999999998],[-70.06665999999996,-33.437589999999936],[-70.06397999999996,-33.43683999899997],[-70.06372999999996,-33.43658999999997],[-70.06387999999998,-33.43517999999993],[-70.06479999999993,-33.43425999999993],[-70.06589999999994,-33.43226999999995],[-70.06662999999998,-33.43168999899995],[-70.06903999999997,-33.43117999899993],[-70.07021999999995,-33.43056999899994],[-70.07084999999995,-33.42970999999995],[-70.07078999999999,-33.428759999999954],[-70.07109999999994,-33.42807999899998],[-70.07277999999997,-33.427089999999964],[-70.07503999999994,-33.42506999999996],[-70.07489999999996,-33.42454999999994],[-70.07403999999997,-33.424409999999966],[-70.07378999999997,-33.42415999899999],[-70.07304999999997,-33.42249999999996],[-70.07036999999997,-33.42091999899998],[-70.06910000099998,-33.42052999999993],[-70.06610999999998,-33.420349999999914],[-70.06494999999995,-33.420629999999974],[-70.06338999999997,-33.421309998999966],[-70.06268999999998,-33.421279998999985],[-70.06253999999996,-33.42105999999995],[-70.06307000099997,-33.41924999999996],[-70.06384000099996,-33.418129999999955],[-70.06428999999997,-33.41680999999995],[-70.06572999999997,-33.41400999999997],[-70.06886999899996,-33.41042999999996],[-70.07039999999995,-33.409379999999935],[-70.07051499999994,-33.40883999999995],[-70.06992999999994,-33.408379999999966],[-70.06894999999997,-33.40696999899996],[-70.06744999999995,-33.40607999899992],[-70.06578000099995,-33.40557999999992],[-70.06357999999994,-33.40538999999994],[-70.05924999999996,-33.405629999999974],[-70.05837999999994,-33.405979998999946],[-70.05632999999995,-33.40752999999996],[-70.05519999999996,-33.40806999899998],[-70.05388999999997,-33.408339999999946],[-70.05290000099995,-33.408259999999984],[-70.05266999999998,-33.407649999999926],[-70.05292999999995,-33.406979999999976],[-70.05593999999996,-33.40286999899996],[-70.05581000099994,-33.401449998999965],[-70.05485999999996,-33.40012999999993],[-70.05330999999995,-33.398889998999955],[-70.05127999999996,-33.39801999999997],[-70.04932009399994,-33.39764995899998],[-70.04927713099994,-33.39397548399994],[-70.04965000099997,-33.393969999999975],[-70.05056999999994,-33.39431999999993],[-70.05182000099995,-33.395489998999935],[-70.05294999999995,-33.39578999999996],[-70.05420999999996,-33.396889999999935],[-70.05722999999995,-33.39832999899994],[-70.05906999999996,-33.39848999999998],[-70.06104999999997,-33.39802999999994],[-70.06117999999998,-33.39712999999995],[-70.06049999999993,-33.39593999999994],[-70.06040999999993,-33.39513999899998],[-70.05869999999999,-33.39295999999995],[-70.05858999899993,-33.39209999899997],[-70.05873999999994,-33.39164999899999],[-70.06012999999996,-33.390219998999946],[-70.06254999999999,-33.38820999999996],[-70.06775999999996,-33.38588999899997],[-70.06824999999998,-33.38548999999994],[-70.06826999999998,-33.38514999899994],[-70.06752999999999,-33.38429999999993],[-70.06587999999994,-33.38331999999997],[-70.06374999999997,-33.38282999899996],[-70.05895,-33.382229999999936],[-70.05852999999998,-33.38195999899993],[-70.06223999999997,-33.380569998999924],[-70.06285999999994,-33.37998999899997],[-70.06454000099995,-33.37921999999998],[-70.06565999899993,-33.378969998999935],[-70.06859999999995,-33.37883999899998],[-70.06893999999994,-33.378459998999965],[-70.06907999999999,-33.37735999999995],[-70.06765999999993,-33.37450999899993],[-70.06105999899995,-33.37189999999998],[-70.06003999999996,-33.37132999999995],[-70.05955999999999,-33.37070999999997],[-70.05944999999997,-33.36910999999998],[-70.05980000099999,-33.36818999999998],[-70.06015999999994,-33.365749998999945],[-70.06109999999995,-33.36376999899991],[-70.06184999999994,-33.36157999999994],[-70.06283999999994,-33.35996999999996],[-70.06217999999996,-33.35942999999997],[-70.06190999999995,-33.35842999899996],[-70.06131999999997,-33.35779999899994],[-70.06134999999995,-33.356339998999935],[-70.05921999999998,-33.35537999899997],[-70.05849999999998,-33.35522999999995],[-70.05592000099995,-33.355609999999956],[-70.05444000099999,-33.35606999999992],[-70.05271999999997,-33.356899999999946],[-70.05049999999994,-33.35940999899998],[-70.04996000099999,-33.36038999899994],[-70.04830000099997,-33.361449999999934],[-70.04739999999998,-33.361809998999945],[-70.04670999999996,-33.361729999999966],[-70.04619999999994,-33.361189999999965],[-70.04604999999998,-33.36062999899997],[-70.04606999999999,-33.35916999999994],[-70.04641999999996,-33.35774999999997],[-70.04671999999994,-33.35671999899995],[-70.04762999999997,-33.35505999999998],[-70.04855999999995,-33.35432999999995],[-70.04954999999995,-33.35384999999995],[-70.05343999999997,-33.35248999999993],[-70.05510999999996,-33.351529999999975],[-70.05727999999993,-33.35065999999996],[-70.05810999999996,-33.349659999999965],[-70.05852999999998,-33.34838999999993],[-70.05864999999994,-33.34726999899994],[-70.05944999999997,-33.346289999999954],[-70.05959999999999,-33.345799999999926],[-70.05933999999996,-33.345329998999944],[-70.05928999999998,-33.34444999999994],[-70.05904999999996,-33.34418999899997],[-70.05872999999997,-33.34420999999998],[-70.05800999999997,-33.344789999999925],[-70.05676999899998,-33.34486999999995],[-70.05524999999996,-33.345549999999946],[-70.05418999999995,-33.34552999999993],[-70.05211999899996,-33.34388999899994],[-70.04941999999994,-33.34236999899996],[-70.04899999999998,-33.34175999999996],[-70.04895999999997,-33.337839998999996],[-70.04876999999993,-33.33713999999997],[-70.04939999999993,-33.33571999999998],[-70.05071000099997,-33.335119998999964],[-70.05299999999995,-33.33516999999994],[-70.05497999999994,-33.33459999999998],[-70.05702999999994,-33.33454999999997],[-70.05790999999994,-33.33413999899995],[-70.05875999999995,-33.33318999999995],[-70.05908999999997,-33.332469998999954],[-70.05893999999995,-33.33157999899999],[-70.05856999999997,-33.33118999999995],[-70.05689000099994,-33.33071999899996],[-70.05595999999997,-33.32997999999998],[-70.05384999999995,-33.32921999899997],[-70.05284999999998,-33.32852999999993],[-70.05170999999996,-33.32821999899993],[-70.05050999999997,-33.32711999999999],[-70.05079999999998,-33.32652999999991],[-70.05341999999997,-33.32526999899994],[-70.05372999999997,-33.32472999899994],[-70.05299000099996,-33.32412999899997],[-70.05272999999994,-33.322669998999956],[-70.05127999999996,-33.32083999999997],[-70.05097999999998,-33.320079999999955],[-70.05021999999997,-33.31904999999994],[-70.05006999999995,-33.31707999999996],[-70.05059999999997,-33.31606999999996],[-70.05092999999994,-33.31447999999995],[-70.05186999999995,-33.31311999999997],[-70.05256999999995,-33.31250999999997],[-70.05370999999997,-33.31215999899997],[-70.05402000099997,-33.31183999999996],[-70.05388999999997,-33.31149999899998],[-70.05302999999998,-33.31110999999993],[-70.05221999999998,-33.31009999999998],[-70.05056999999994,-33.31060999899995],[-70.04987999999997,-33.310569999999984],[-70.04941999999994,-33.31007999899997],[-70.04905999999994,-33.30865999899992],[-70.04784499999995,-33.30699999999997],[-70.04754999999994,-33.30618999999997],[-70.04753999999997,-33.30544999899993],[-70.04898999999995,-33.30206999999996],[-70.04902999999996,-33.30143999999995],[-70.04869999999994,-33.30097999899995],[-70.04764999999998,-33.30130999999993],[-70.04660999999999,-33.30098999899997],[-70.04599999999994,-33.30102999999994],[-70.04493000099995,-33.30139999999994],[-70.04343000099993,-33.30231999999995],[-70.04179999999997,-33.30257999999998],[-70.03925999999996,-33.30485999899998],[-70.03812999999997,-33.30734999999992],[-70.03790999999995,-33.30745999999995],[-70.03740999999997,-33.30745999899995],[-70.03678999999994,-33.30718999999992],[-70.03357999999997,-33.30489999999998],[-70.03124000099996,-33.30380999999994],[-70.03067999999996,-33.30381999899999],[-70.02914,-33.30426999999996],[-70.02900999999997,-33.30516999899992],[-70.02796999999998,-33.30553999999992],[-70.02745999999996,-33.305979999999956],[-70.02730999999994,-33.30772999999993],[-70.02680999999995,-33.307989998999965],[-70.02696999999995,-33.30883999999998],[-70.02652999999998,-33.30940999999995],[-70.02834999999999,-33.310919998999964],[-70.02894499999996,-33.31302999899997],[-70.03061999999994,-33.31466999999998],[-70.03090999999995,-33.31535999899994],[-70.03117999999995,-33.317049999999924],[-70.03078000099998,-33.31854999999995],[-70.03127999899993,-33.31991999999997],[-70.03147000099995,-33.32251999899996],[-70.03103999999996,-33.32333999999999],[-70.03034999999994,-33.324089999999956],[-70.03019999999998,-33.32675999899993],[-70.02989999999994,-33.32694999999995],[-70.02891000099999,-33.32696999999996],[-70.02850999999998,-33.327279998999984],[-70.02846999999997,-33.32760999899995],[-70.02912000099997,-33.32827999999994],[-70.02918999999997,-33.329079999999976],[-70.02808999999996,-33.332269998999955],[-70.02806999999996,-33.33376999999995],[-70.02765000099998,-33.334319999999934],[-70.02659999999997,-33.33484999999995],[-70.02661999999998,-33.33515999999998],[-70.02701999999994,-33.33564999899994],[-70.02702999999997,-33.33764999999994],[-70.02659999999997,-33.33825999999992],[-70.02491999999995,-33.33930999999994],[-70.02434999999997,-33.34048999999992],[-70.02390999999994,-33.34082999999998],[-70.02178999999995,-33.343759999999975],[-70.02190999899994,-33.34550999999993],[-70.02132999999998,-33.34635999899997],[-70.02122999999995,-33.347189999999955],[-70.02227999999997,-33.34872999999993],[-70.02241999999995,-33.34955999899995],[-70.02164999999997,-33.35059999999992],[-70.02017999999998,-33.35162999999995],[-70.01951499899997,-33.35270499999995],[-70.01957999999996,-33.354669999999956],[-70.01919499999997,-33.356549998999974],[-70.01874127999997,-33.35740456099995],[-70.01054384199995,-33.35747152699997],[-70.01074999999997,-33.35665999999997],[-70.01065999999997,-33.35129999899992],[-70.00938999999994,-33.34898999899996],[-70.00903499999998,-33.34784499999994],[-70.00803999999994,-33.34630999999994],[-70.00652999999994,-33.345199998999924],[-70.00520999999998,-33.34507999999993],[-70.00404999999995,-33.34450999999995],[-70.00308999999999,-33.34450999999996],[-70.00167999999996,-33.344829998999955],[-70.00092999999998,-33.34524999999995],[-70.00057000099997,-33.34613999999992],[-70.00029999999998,-33.34942999999998],[-70.00004999999999,-33.34967999999997],[-69.99920999999995,-33.34985999999997],[-69.99794999999995,-33.35053999999996],[-69.99653999999998,-33.353199999999944],[-69.99600999999996,-33.35362999999997],[-69.995700001,-33.35360999899995],[-69.99541999999997,-33.35322999999993],[-69.99514999999997,-33.35156999899993],[-69.99458999999996,-33.350219999999965],[-69.99445999999995,-33.349039998999956],[-69.99384999999995,-33.34779999999995],[-69.99329000099993,-33.34712999999993],[-69.99227999999994,-33.34633999999994],[-69.99198999999999,-33.34631999999995],[-69.99118999899999,-33.34673999999994],[-69.98965999999996,-33.34676999999993],[-69.98870999999997,-33.34766999999993],[-69.98848999999996,-33.34811999999995],[-69.98764999999997,-33.34851999999996],[-69.98696000099994,-33.34938999999997],[-69.98648999999995,-33.35185999999994],[-69.98479999999996,-33.35377999999996],[-69.98467999999997,-33.354299999999974],[-69.98416999999995,-33.35471999999992],[-69.98406999999997,-33.355379999999954],[-69.98346499999997,-33.35580499999998],[-69.98364999999995,-33.35630999899996],[-69.98335999999995,-33.35693999999994],[-69.98352999999997,-33.357688376999924],[-69.95132266299998,-33.35793923399996],[-69.95111999999995,-33.357289998999924],[-69.95154999999994,-33.35641999999996],[-69.95455999999996,-33.35409999999997],[-69.95269999999994,-33.35134999999997],[-69.95178999999996,-33.35080999899999],[-69.95144999999997,-33.35039999899993],[-69.95187999999996,-33.34896999899995],[-69.95284999999996,-33.34847999999995],[-69.95219999999995,-33.34761999999995],[-69.95228499999996,-33.34692999899995],[-69.95280999999994,-33.34627999999998],[-69.95230999999995,-33.345339999999965],[-69.95236999999997,-33.34454999899999],[-69.95296999999994,-33.34285999899997],[-69.95274999999998,-33.34137999999995],[-69.95376999999998,-33.340229999999956],[-69.95570999999995,-33.339859999999916],[-69.95635999999996,-33.33794999999998],[-69.95661999999999,-33.33767999999997],[-69.95786999999996,-33.33745999999996],[-69.95829999999995,-33.33658999999993],[-69.95979999999997,-33.33666999999997],[-69.95973000099997,-33.33583999899996],[-69.96115999999995,-33.33485999899995],[-69.96120000099995,-33.33419999999995],[-69.96192999999994,-33.33402999999997],[-69.96209999999996,-33.33381999999995],[-69.96115999999995,-33.33307999999991],[-69.96301999999997,-33.33253999999993],[-69.96317999999997,-33.33217999899993],[-69.96134999999998,-33.33135999999996],[-69.96098999999998,-33.32999999999998],[-69.96120999999994,-33.329499999999946],[-69.96018000099997,-33.32904999899997],[-69.96021999999994,-33.32857999999993],[-69.96091999999999,-33.327609999999936],[-69.96059999999994,-33.32743999999997],[-69.95824999999996,-33.32736999899997],[-69.95714000099997,-33.32695999899994],[-69.95497999999998,-33.32574999899996],[-69.95040999999998,-33.32624999899995],[-69.94850999999994,-33.32704999899993],[-69.94747999999998,-33.32807999899993],[-69.94504999999998,-33.329369998999944],[-69.94182999999998,-33.33250999999995],[-69.94102999999996,-33.33361999999993],[-69.94070999999997,-33.33476999999992],[-69.94015000099995,-33.33529999999996],[-69.93945999999994,-33.33659999999998],[-69.93868499999996,-33.338839999999955],[-69.93791999999996,-33.33967999999993],[-69.93789999999996,-33.341029999999925],[-69.93546999999995,-33.34775999899994],[-69.93520999999998,-33.34946999999993],[-69.93465999999995,-33.35123999999996],[-69.93482999999998,-33.35316999899993],[-69.93415324099993,-33.35806954999999],[-69.93101484899995,-33.35809311399993],[-69.93119000099995,-33.35592999999994],[-69.93184999999994,-33.35449999999997],[-69.93190999999996,-33.35360999999995],[-69.93131999999997,-33.35209999999995],[-69.93109999999996,-33.35039999899993],[-69.93065999999999,-33.349509999999945],[-69.93070999999998,-33.34808999999996],[-69.93053999999995,-33.34762999899992],[-69.93100999999996,-33.34566999999998],[-69.93264999999997,-33.34111999999994],[-69.93269000099997,-33.33987999999993],[-69.93244,-33.33853999899998],[-69.93319999999994,-33.33703999899996],[-69.93285999999995,-33.335709998999945],[-69.93318999999997,-33.33541999899995],[-69.93370999999996,-33.335299999999954],[-69.93539999999996,-33.335299998999965],[-69.93653999999998,-33.33449999999991],[-69.93811999999997,-33.333919999999964],[-69.94016999999997,-33.33200999999997],[-69.94138999999996,-33.33130999899998],[-69.94209999999998,-33.33064999999993],[-69.94407999999999,-33.32796999899995],[-69.94552499999998,-33.32501999999994],[-69.94713999999993,-33.32322999999997],[-69.94711999999998,-33.32303999999992],[-69.94673000099993,-33.32305999899995],[-69.94552999999996,-33.323749999999954],[-69.94576999999998,-33.32311999999996],[-69.94731999999993,-33.321259999999924],[-69.94773999999995,-33.32014999999995],[-69.94527999999997,-33.32078999999992],[-69.94444999999996,-33.32183999999996],[-69.94405000099994,-33.32170999899994],[-69.94387999999998,-33.32096999999993],[-69.94205999999997,-33.32167999899997],[-69.94121999999999,-33.321799999999925],[-69.94078999999994,-33.32138499899998],[-69.94058999999999,-33.32023999899997],[-69.94007999999998,-33.31985999899995],[-69.93986999999998,-33.31914999899993],[-69.93992999999995,-33.31831999999997],[-69.93894999999998,-33.31852999899996],[-69.93875999999995,-33.317849998999954],[-69.93828999999994,-33.31744999999992],[-69.93814000099997,-33.316969999999976],[-69.93789999899997,-33.31676999899997],[-69.93746999999996,-33.31677999999992],[-69.93716499999994,-33.31798999899995],[-69.93657999999994,-33.318799999999946],[-69.93629499999997,-33.31975999999996],[-69.93491999999998,-33.32146999999997],[-69.93397999999996,-33.32329999999996],[-69.93303999999995,-33.32332999899995],[-69.93263999999994,-33.32370999999995],[-69.93126999999998,-33.324059999999974],[-69.93046999999996,-33.322229999999934],[-69.92941999999994,-33.32187999899999],[-69.92875999999995,-33.322699999999934],[-69.92761999999993,-33.32308999899993],[-69.92744999999996,-33.32399999899996],[-69.92669999999998,-33.325399999999945],[-69.92677999999995,-33.32693999999998],[-69.92653000099995,-33.327479998999934],[-69.92608999999999,-33.32779999999997],[-69.92465999999997,-33.32778999999993],[-69.92421999999993,-33.32809999999994],[-69.92346999999995,-33.329599999999964],[-69.92245999999994,-33.33069999999998],[-69.92144999999994,-33.33128999999997],[-69.92005999999998,-33.33157999999997],[-69.91963999999996,-33.332699998999935],[-69.91759999999994,-33.33517999999998],[-69.91695999999996,-33.336469999999956],[-69.91634000099998,-33.33656999999994],[-69.91531999999995,-33.33635999899997],[-69.91488999999996,-33.33653999999995],[-69.91157999999996,-33.340439998999955],[-69.91074999999995,-33.342249999999986],[-69.91033999999996,-33.34245999899997],[-69.90983999999997,-33.34235999999992],[-69.90896999999995,-33.34085999899996],[-69.90896999999995,-33.34009999999994],[-69.90935999999994,-33.33929999999999],[-69.90952999999996,-33.33830999999997],[-69.90895000099994,-33.33721999999995],[-69.90824999999995,-33.33659999999998],[-69.90692999999999,-33.336329998999915],[-69.90590999999995,-33.33572999999995],[-69.90590999999995,-33.33533999999997],[-69.90668999999997,-33.33451999999993],[-69.90705999999994,-33.33337999899992],[-69.90648000099998,-33.33274999999999],[-69.90500999999995,-33.33257999999996],[-69.90442999999993,-33.33208999999993],[-69.90354999999994,-33.33181999999993],[-69.90363999999994,-33.33074999999997],[-69.90339999999998,-33.330109999999934],[-69.90436000099999,-33.329089999999944],[-69.90438999999998,-33.32883999899996],[-69.90405999999996,-33.32849999999997],[-69.90418999999997,-33.327789999999936],[-69.90232999999995,-33.32726999999994],[-69.90202999999997,-33.32696999999995],[-69.90205000099998,-33.32623999999998],[-69.90341999999998,-33.32397999999994],[-69.90337999899998,-33.32375999899993],[-69.90231999999997,-33.32312999899995],[-69.90220999999997,-33.32272999999997],[-69.90334999999999,-33.31945999999992],[-69.90134999999998,-33.317999999999984],[-69.90079999999995,-33.31739999999996],[-69.90076999999997,-33.317059998999966],[-69.90093999999993,-33.31672999999996],[-69.90255999999994,-33.31533999999994],[-69.90306999999996,-33.314319999999945],[-69.90283999999997,-33.31417999999995],[-69.90287999999998,-33.31383999999997],[-69.90206999999998,-33.31358999899993],[-69.90190999999999,-33.31319999999993],[-69.90128999999996,-33.312579998999986],[-69.90085999999997,-33.31245999899993],[-69.90054000099997,-33.312009999999916],[-69.89989999999995,-33.31189999999998],[-69.89934999999998,-33.31153999999997],[-69.89865999999995,-33.31153999999999],[-69.89852999999994,-33.31135999899993],[-69.89876999999996,-33.31091999999997],[-69.89861999999994,-33.30866999999995],[-69.89883999999995,-33.308399998999946],[-69.89821999999998,-33.30798999999997],[-69.89867999999996,-33.30616999899996],[-69.89915999999994,-33.30593999999995],[-69.89928999999995,-33.305669998999974],[-69.89921999999996,-33.30534999899993],[-69.89869999999996,-33.30484999899995],[-69.89873999999999,-33.30436999899995],[-69.89922999999999,-33.30369999899995],[-69.89924999999994,-33.303139998999924],[-69.90020999999996,-33.302869999999984],[-69.90028999999998,-33.30206999899996],[-69.90292999999997,-33.30011999999995],[-69.90475999999995,-33.29826999999995],[-69.90474999999998,-33.29808999899996],[-69.90425999999997,-33.29796999999995],[-69.90305999999998,-33.297929999999965],[-69.90250999899996,-33.29738999999996],[-69.90263,-33.295899999999946],[-69.90155999999996,-33.29482999999993],[-69.90061000099996,-33.29450999899995],[-69.90057999999993,-33.29387999899997],[-69.90031999999997,-33.293439999999954],[-69.90070999999995,-33.29265999999996],[-69.89968999999996,-33.29258999999996],[-69.89960999999994,-33.29200999899997],[-69.89915999899995,-33.29204999999995],[-69.89591999999993,-33.29340999999993],[-69.89381999999996,-33.29382999999995],[-69.89176999899996,-33.29376999899996],[-69.89006999999998,-33.293339999999944],[-69.88926999999995,-33.29342999999994],[-69.88816999999995,-33.29426999999998],[-69.88685999999996,-33.294329999999945],[-69.88643999999994,-33.295599998999926],[-69.88536999999997,-33.29564999999997],[-69.88534999999996,-33.29626999999994],[-69.88484999999997,-33.29703999999997],[-69.88429999999994,-33.29722999999995],[-69.88318000099997,-33.29690999999996],[-69.88154000099996,-33.29691999999995],[-69.88147000099997,-33.29771999999995],[-69.88107999999994,-33.29835999899996],[-69.88103000099994,-33.29887999999994],[-69.88188999999994,-33.30121999999996],[-69.88179999999994,-33.30322999899991],[-69.88254999999998,-33.30669999899992],[-69.88224999999994,-33.30844999999993],[-69.88303999999994,-33.30946999999999],[-69.88334000099997,-33.31064999999995],[-69.88280999999995,-33.31331999999998],[-69.88278999999994,-33.314019999999964],[-69.88313999999997,-33.31473999999995],[-69.88313999999997,-33.31524999999992],[-69.88266999999996,-33.31636999999995],[-69.88274999999999,-33.31728999999996],[-69.88233999999994,-33.31840999899998],[-69.88236999999998,-33.319819999999936],[-69.88249999999994,-33.32021999899996],[-69.88333000099993,-33.32118999999992],[-69.88401999999998,-33.324219999999976],[-69.88483999999994,-33.32547999999997],[-69.88443999999998,-33.32743999999997],[-69.88482999999997,-33.32823999999994],[-69.88494000099996,-33.32921999999996],[-69.88539999999995,-33.32983999999992],[-69.88513999999998,-33.33064999999993],[-69.88516000099997,-33.332369999999955],[-69.88648999999998,-33.33630999999998],[-69.88622000099997,-33.337419998999955],[-69.88666999999998,-33.33791999899994],[-69.88677999899994,-33.338509999999935],[-69.88728999999995,-33.33929999999997],[-69.88715999999994,-33.34069999899998],[-69.88842999999997,-33.34454999999997],[-69.88846999999998,-33.34499999999997],[-69.88784999999996,-33.34590999999993],[-69.88664999999997,-33.345449999999964],[-69.88623999999999,-33.34470999999996],[-69.88530999999995,-33.34389999999996],[-69.88234999999997,-33.341779999999964],[-69.88033999999993,-33.34064999999998],[-69.87938999999994,-33.33939999899997],[-69.87877999999995,-33.33929999999998],[-69.87827999999996,-33.33860999999997],[-69.87751999999995,-33.33827999899992],[-69.87657999999993,-33.33641999899992],[-69.87562000099996,-33.33578999899992],[-69.87489999999997,-33.33446999999996],[-69.87409999999994,-33.33414999999997],[-69.87397999999996,-33.333409998999954],[-69.87355999999994,-33.333169999999946],[-69.87338999999997,-33.33274999899992],[-69.87275999999997,-33.33213999899993],[-69.87149999999997,-33.33189999999996],[-69.87020999999999,-33.33054999999997],[-69.86864999999995,-33.33001999899994],[-69.86670000099997,-33.32823999899995],[-69.86399999999998,-33.32756999999998],[-69.86371999899995,-33.32711999999997],[-69.86274999999995,-33.32665999999995],[-69.86177999999995,-33.32569999899994],[-69.86141999999995,-33.32506999899993],[-69.86137999999994,-33.324219998999986],[-69.86067999999995,-33.32386999999994],[-69.86003999999997,-33.32276999999992],[-69.86002999999994,-33.322119999999984],[-69.85875999999996,-33.32041999999996],[-69.85842999999994,-33.31948999999997],[-69.85841999999997,-33.31848999999993],[-69.85778999999997,-33.31803999999993],[-69.85679999999996,-33.31681999999994],[-69.85658999999998,-33.31645999999995],[-69.85655999999994,-33.31564999999993],[-69.85492999999997,-33.31474999899996],[-69.85396999999995,-33.31295999999998],[-69.85347999999993,-33.31255999999996],[-69.85363999999998,-33.31144999999999],[-69.85240999999996,-33.31038999899994],[-69.85239999999999,-33.309939999999976],[-69.85173999999995,-33.308529999999955],[-69.85117999999994,-33.30830999999995],[-69.85037999999997,-33.30895999999996],[-69.85007000099995,-33.30955999999998],[-69.84993999999995,-33.31078999999994],[-69.84958999999998,-33.310949999999934],[-69.84904999999998,-33.30907999999992],[-69.84827999999999,-33.30835999999994],[-69.84785999999997,-33.30835999899995],[-69.84779999999995,-33.308489999999935],[-69.84785999999997,-33.310099998999945],[-69.84752000099996,-33.31031999999993],[-69.84708999999998,-33.31003999999996],[-69.84706999999997,-33.30876999999997],[-69.84598999999997,-33.30701999999997],[-69.84568999999993,-33.30703999999997],[-69.84542499999998,-33.307299998999945],[-69.84464999999994,-33.308729999],[-69.84408999999994,-33.30882999899993],[-69.84365999999994,-33.30859999999996],[-69.84348999899998,-33.30813999999997],[-69.84439000099997,-33.30689999999997],[-69.84429999999998,-33.30644999999998],[-69.84093999999993,-33.30685999999997],[-69.83867999999995,-33.307659998999945],[-69.83656999999994,-33.30807999999993],[-69.83256000099993,-33.30791999999997],[-69.83204999999998,-33.30800999899998],[-69.83225999999996,-33.30834999999996],[-69.83205999999996,-33.308469999999936],[-69.83217999999994,-33.308709999999955],[-69.83321999999998,-33.30907999899994],[-69.83326999999997,-33.30951999899997],[-69.83279999999996,-33.309889999999946],[-69.83278999999999,-33.31009999999997],[-69.83312999999998,-33.31032999999995],[-69.83322999899998,-33.31079999999999],[-69.83404999999993,-33.31097999899998],[-69.83469999999994,-33.31157999999995],[-69.83575999999994,-33.31155999899995],[-69.83642999999995,-33.31206999999994],[-69.83764000099995,-33.31188999899998],[-69.83844999999997,-33.31243999999997],[-69.83888999999994,-33.31253999899997],[-69.83988999999997,-33.312129999999954],[-69.84058999999996,-33.312459999999916],[-69.84138999999993,-33.31257999899998],[-69.84160999999995,-33.31289999999996],[-69.84222999999997,-33.313119999999955],[-69.84312999899998,-33.31427999899996],[-69.84285999999997,-33.31542499999995],[-69.84397999999999,-33.315899999999935],[-69.84453999999994,-33.316499999999984],[-69.84425499999998,-33.31788999899993],[-69.84511999999995,-33.31824999999997],[-69.84603999999996,-33.31900999899994],[-69.84614999999997,-33.31968999999997],[-69.84648999999996,-33.32004999899992],[-69.84616000099999,-33.32112999999998],[-69.84657999999996,-33.32133999999997],[-69.84667999999994,-33.321659999999945],[-69.84643999999997,-33.322589999999934],[-69.84766999999994,-33.32428999899998],[-69.84767999999997,-33.32491999999996],[-69.84672999999998,-33.32520999899997],[-69.84582999999998,-33.32585999999997],[-69.84388999999999,-33.32658999999996],[-69.84313999999995,-33.327069999999935],[-69.84141999999997,-33.327539999999935],[-69.84064999999998,-33.32840999899998],[-69.83944999999994,-33.32909999999998],[-69.83941999999996,-33.32936999999998],[-69.83991999999995,-33.32965999899993],[-69.83994999999999,-33.329869999999964],[-69.83768999999995,-33.33104999999994],[-69.83792999999997,-33.33173999999997],[-69.83820999999995,-33.33181999999994],[-69.83897999999994,-33.331569999999935],[-69.83918999999997,-33.33203999999995],[-69.83970999999997,-33.33207999899998],[-69.84163999999998,-33.33161999999992],[-69.84294999999997,-33.33155999899997],[-69.84606999999994,-33.330809999999914],[-69.84680999999995,-33.33088999899996],[-69.84726999999998,-33.331479998999946],[-69.84870999999998,-33.33081999899996],[-69.84967999999998,-33.33085999899999],[-69.85024999999996,-33.33140999999994],[-69.85032999999999,-33.332799998999974],[-69.85010999999997,-33.33316999999995],[-69.85065999999995,-33.333599999999926],[-69.85070999999994,-33.33445999999997],[-69.85208999999998,-33.33451999999993],[-69.85280999999998,-33.33571999999998],[-69.85421999999994,-33.336679999999944],[-69.85515999999996,-33.33810999999998],[-69.85590999999994,-33.338739998999976],[-69.85615999999999,-33.33927999999997],[-69.85838999999999,-33.34086999899997],[-69.85840999999994,-33.341079999999984],[-69.85801999999995,-33.34130999899997],[-69.85801999999995,-33.34164999899998],[-69.85858500099994,-33.34255999899994],[-69.85870999999999,-33.34339999899993],[-69.85913999999997,-33.34410999899994],[-69.85872999999998,-33.345229999999965],[-69.85902999999996,-33.34581999999995],[-69.85906999999997,-33.34740999999996],[-69.85950999999994,-33.34780999999998],[-69.85943999999995,-33.34809999899993],[-69.85478999999998,-33.349199999999925],[-69.85266999999993,-33.349059999999966],[-69.85124999999994,-33.35014999999992],[-69.85067999999995,-33.35000999999993],[-69.84998999999993,-33.35026999899998],[-69.84885000099997,-33.35022999999994],[-69.84772999999996,-33.349729999999944],[-69.84742999999997,-33.35008999999997],[-69.84683999999999,-33.35034999999993],[-69.84657999999996,-33.35083999899996],[-69.84690999999998,-33.35102999899992],[-69.84794999999997,-33.35106999899993],[-69.85041999999999,-33.35171999899994],[-69.85118999999997,-33.35255999899993],[-69.85268999999994,-33.351539999999936],[-69.85356999999993,-33.35144999899995],[-69.85411999999997,-33.351749998999935],[-69.85400999999996,-33.35244999899992],[-69.85414999999995,-33.35255999999999],[-69.85509999999994,-33.35287999899998],[-69.85663999999997,-33.35307999999998],[-69.85738999999995,-33.353439999999985],[-69.85856999999999,-33.35358999999994],[-69.85880999999995,-33.35388999899992],[-69.85866999999996,-33.35489999999993],[-69.85884000099998,-33.35508999999997],[-69.85917000099994,-33.35511999999994],[-69.85983999999996,-33.35471999899994],[-69.86027999999999,-33.355059998999934],[-69.86103999999995,-33.354959999999956],[-69.86096999999995,-33.35712999999998],[-69.86132999999995,-33.35724999999996],[-69.86168999999995,-33.35690999999997],[-69.86237999999997,-33.35680999999995],[-69.86270999999994,-33.357109998999924],[-69.86256999999995,-33.35783999999995],[-69.86172999999997,-33.35877999899998],[-69.86177999999995,-33.35937999899994],[-69.86299000099996,-33.35949999899998],[-69.86350999999996,-33.36012999999997],[-69.86463999999995,-33.35972999999995],[-69.86615999999998,-33.35999999999996],[-69.86616999999995,-33.36016999999998],[-69.86516999999998,-33.36074999899994],[-69.86508999899996,-33.361229999999985],[-69.86536999999998,-33.36157999999995],[-69.86588999999998,-33.36149999899993],[-69.86750999999998,-33.36054999999994],[-69.86839999999995,-33.35921999999994],[-69.86927999999995,-33.358979999999974],[-69.86985999999996,-33.35857999899997],[-69.87071000099996,-33.36001999899997],[-69.87138999999996,-33.36047999899994],[-69.87198999999998,-33.36057999999998],[-69.87451999999996,-33.36001999999996],[-69.87650999999994,-33.35928999999992],[-69.87785000099996,-33.359239998999946],[-69.87880999999999,-33.35950999999996],[-69.87992999999994,-33.36027999899993],[-69.88075999999995,-33.36025999999998],[-69.88121999999998,-33.360739998999954],[-69.88285999999994,-33.360099999999925],[-69.88344999899994,-33.36004999899995],[-69.88376999999997,-33.360879998999955],[-69.88374999999996,-33.362369998999945],[-69.88495999999999,-33.362569999999955],[-69.88613999999995,-33.36356999999998],[-69.88641999999999,-33.36357999999997],[-69.88693999999998,-33.36317999899994],[-69.88733000099997,-33.36229999999994],[-69.88768000099998,-33.362069998999964],[-69.88820999999996,-33.362099999999955],[-69.88844999999998,-33.36232999999992],[-69.88887999999997,-33.36346999999995],[-69.89061999999996,-33.36315999899994],[-69.89112999999998,-33.363279999999975],[-69.89166999999998,-33.36421999999994],[-69.89290999899998,-33.36507999899993],[-69.89329999999995,-33.36557999999997],[-69.89334999999994,-33.36595999899999],[-69.89082999999994,-33.36601999999993],[-69.89095999999996,-33.36683999999996],[-69.89044999999999,-33.367589998999954],[-69.89035999999999,-33.36891999999995],[-69.88997999999998,-33.36951999999998],[-69.88983999999994,-33.37046999899997],[-69.88890999999995,-33.37115999999997],[-69.88891999899994,-33.37230999999998],[-69.88794999999993,-33.37269999899997],[-69.88796999999994,-33.37300999899997],[-69.88848999999993,-33.37345999999997],[-69.88953000099997,-33.37396999999994],[-69.88900999999998,-33.37469999999996],[-69.88832999999994,-33.37651999899998],[-69.88977999999997,-33.37691999999998],[-69.89039999999994,-33.37726999999995],[-69.89045999999996,-33.37847999899999],[-69.89184999999998,-33.380199999999945],[-69.89226999999994,-33.38011999899992],[-69.89446999999996,-33.37800999999995],[-69.89500999999996,-33.37701999999997],[-69.89542999999998,-33.37700999899993],[-69.89641999999998,-33.3775499999999],[-69.89712999999995,-33.37872999999997],[-69.89743999999996,-33.37893999899996],[-69.89913999999999,-33.37813999899998],[-69.89967999999993,-33.37808999999992],[-69.90011999999996,-33.37836999999996],[-69.90038,-33.37894999999996],[-69.90131999999994,-33.37893999999994],[-69.90165999999994,-33.37922999999994],[-69.90231000099993,-33.38092999999997],[-69.90206999999998,-33.38265999999992],[-69.90237999999994,-33.38363999999995],[-69.90187999999996,-33.38426999899996],[-69.90152999999998,-33.385199998999944],[-69.90028999999998,-33.38559999999993],[-69.90000999999995,-33.38594499899996],[-69.89982999999995,-33.38730999999995],[-69.89947000099994,-33.38798999999995],[-69.89942000099995,-33.38938999999992],[-69.89916999999997,-33.390149999999956],[-69.89867999999996,-33.390729999999955],[-69.89923999999996,-33.39127999899995],[-69.89929999999998,-33.391809999999964],[-69.90004999999996,-33.39196999899996],[-69.90067999999997,-33.39260999999992],[-69.90114999999997,-33.39448999999997],[-69.90088999999995,-33.39760999999992],[-69.90255999999994,-33.39687999899997],[-69.90434999999997,-33.39394999999993],[-69.90478999999993,-33.39368999999993],[-69.90519890299998,-33.39370635599993],[-69.90558002299997,-33.43043576699995],[-69.91152931699997,-33.43039217699993],[-69.91152934499996,-33.43382337899993],[-69.91003999999998,-33.43499999999993],[-69.90969999899994,-33.435759999999966],[-69.90920999999997,-33.43607999999994],[-69.90912999999995,-33.43641999999993],[-69.90837999999997,-33.43676999899997],[-69.90805000099995,-33.43754999999994],[-69.90703999999994,-33.437789999999936],[-69.90673999999996,-33.43825999999995],[-69.90565999999995,-33.43844999899995],[-69.90535999999997,-33.438959999999966],[-69.90446999999995,-33.439549998999965],[-69.90396999999996,-33.439419999999984],[-69.90375999999998,-33.43905999899993],[-69.90343999999993,-33.43892999999997],[-69.90219999999994,-33.43906999899997],[-69.90181999999999,-33.438879998999944],[-69.90175999999997,-33.43829999999998],[-69.90265999999997,-33.437239999999974],[-69.901860001,-33.43673999999992],[-69.90140999999994,-33.43609999899995],[-69.90102999999993,-33.43402999999994],[-69.89991999999995,-33.43232999999997],[-69.89934999999998,-33.43036999899995],[-69.89800999999994,-33.42903999999993],[-69.89743999999996,-33.42909999999996],[-69.89688999999998,-33.42886999899997],[-69.89602999999994,-33.43013999999992],[-69.89528999999999,-33.430159999999944],[-69.89458999999994,-33.42967999899996],[-69.89402999999999,-33.42965999999996],[-69.89263999999997,-33.430389999999946],[-69.89143999999999,-33.43052999999998],[-69.89142999999996,-33.43159999899995],[-69.89076000099993,-33.43227999999992],[-69.89067999999997,-33.43337999899995],[-69.89003999999994,-33.43529999899992],[-69.88924999999995,-33.436559999999915],[-69.88843999999995,-33.43682999999993],[-69.88674999999995,-33.43627999899995],[-69.88582999999994,-33.43629999999995],[-69.88502999999997,-33.43656999999996],[-69.88402999999994,-33.437279999999944],[-69.88247999999999,-33.43796999899996],[-69.88286999999997,-33.43882999999993],[-69.88454999999993,-33.43981999999995],[-69.88500999999997,-33.44029999999997],[-69.88504999999998,-33.441469999999995],[-69.88480999999996,-33.44179999999994],[-69.88423999999998,-33.44179999999994],[-69.88380999999998,-33.44206999999995],[-69.88319999999999,-33.44203999999995],[-69.88204000099995,-33.44121999999992],[-69.87864999999994,-33.44010999999994],[-69.87658000099998,-33.44057999899997],[-69.87645999999995,-33.44092999999998],[-69.87719999999996,-33.44181999999995],[-69.87982999999997,-33.44319999999994],[-69.88139999999999,-33.44503999899996],[-69.88112999999998,-33.44616999899995],[-69.88107999999994,-33.44879999899996],[-69.88122999999996,-33.44948999999998],[-69.88093999999995,-33.45011999999998],[-69.88178999899998,-33.45119999999997],[-69.88167999999996,-33.45231999899995],[-69.88215999999994,-33.452789999999936],[-69.88228999899997,-33.45324999999997],[-69.88207999999997,-33.453629999999976],[-69.87962999999996,-33.45557999999995],[-69.87921999999998,-33.45626999899998],[-69.87934999999999,-33.45692999899995],[-69.87994999999995,-33.456849999999974],[-69.88151999999997,-33.455529999999946],[-69.88194999999996,-33.45561999899997],[-69.88197999899995,-33.45649999999995],[-69.88226999999995,-33.45665999899996],[-69.88327999999996,-33.45550999899996],[-69.88456999999994,-33.45535999999997],[-69.88559999999995,-33.45554999999995],[-69.88646000099999,-33.45597999899994],[-69.88804999999996,-33.45781999899999],[-69.88837999999998,-33.45790999999996],[-69.89179999999993,-33.455969999999965],[-69.89382000099994,-33.45358999899996],[-69.89473000099997,-33.45392999999996],[-69.89531999999997,-33.453529999999944],[-69.89610999999996,-33.45329999999996],[-69.89847999999995,-33.45369999999997],[-69.89950999899997,-33.45319999899992],[-69.90032999999994,-33.45228999999991],[-69.90135000099997,-33.45208999999992],[-69.90201000099995,-33.452219999999954],[-69.90282000099995,-33.45277999999993],[-69.90405000099997,-33.45264999899998],[-69.90541999999994,-33.45336999999995],[-69.90684999899997,-33.45342999999996],[-69.90785999999997,-33.45303999999993],[-69.90834999999998,-33.45302999999995],[-69.91007999999994,-33.45369999899997],[-69.91212999999993,-33.453569998999974],[-69.91261999999995,-33.45373999999999],[-69.91243999999995,-33.45414999899997],[-69.90930999999995,-33.45558999999998],[-69.90888000099994,-33.45646999999997],[-69.90744999999998,-33.457409999999975],[-69.90664999999996,-33.458399998999944],[-69.90636999899993,-33.45956999899993],[-69.90490999999997,-33.460499999999975],[-69.90434999999997,-33.46134999899994],[-69.90307999999999,-33.46207999999996],[-69.90188999999998,-33.46359999999991],[-69.89979999999997,-33.46486999899997],[-69.89922999999999,-33.46603999999995],[-69.89840999999996,-33.46658999999995],[-69.89791999999994,-33.46724999899992],[-69.89689999999996,-33.467829999999935],[-69.89596999999998,-33.47009999899996],[-69.89617999999996,-33.47076999899996],[-69.89575999999994,-33.47105999999995],[-69.89610999999996,-33.47167999999996],[-69.89578999999998,-33.472059999999935],[-69.89477999999997,-33.47265999899997],[-69.89462999999995,-33.47317999999995],[-69.89495999999997,-33.47341999999997],[-69.89637999999997,-33.472879999999975],[-69.89714999899996,-33.47290999999995],[-69.89816999999994,-33.47325999999998],[-69.89977999999996,-33.47310999999994],[-69.90082999999998,-33.47248999999994],[-69.90519999999998,-33.47063999999994],[-69.90685999999994,-33.46941999999995],[-69.90841999999998,-33.468939999999954],[-69.91011999999995,-33.46784999899996],[-69.91199000099994,-33.46731999999997],[-69.91378999999995,-33.46639999999995],[-69.91456999999997,-33.46633999899996],[-69.91481999999996,-33.46649999899995],[-69.91484999999994,-33.46854999899993],[-69.91380999999996,-33.47476999899993],[-69.91402999999997,-33.47541999999992],[-69.91531999999995,-33.47640999999993],[-69.91542000099997,-33.47697999899997],[-69.91471999999999,-33.47865999999993],[-69.91459999999995,-33.480129999999974],[-69.91392999999994,-33.48093999899992],[-69.91340499999995,-33.48259999899992],[-69.91244999999998,-33.483739999999955],[-69.91205999999994,-33.485449998999975],[-69.91211999999996,-33.48672999999998],[-69.91262999999998,-33.48798999999997],[-69.91251999999999,-33.489699998999974],[-69.91338999999994,-33.49075999999996],[-69.91308999999995,-33.49244999899997],[-69.91324999999995,-33.49270999999994],[-69.91368999999997,-33.49283999899994],[-69.91534999999993,-33.49114999999995],[-69.91603999999995,-33.48919999999997],[-69.91708999999997,-33.48862999999992],[-69.91767999999996,-33.486959998999964],[-69.91821999999996,-33.486129999999946],[-69.91901999999999,-33.48585999999997],[-69.91997999999995,-33.48635999999993],[-69.92079999999999,-33.48606999999998],[-69.92190999899998,-33.486319999999985],[-69.92281999999994,-33.48615999999996],[-69.92303999999996,-33.484809999999975],[-69.92482999999999,-33.482989999999965],[-69.92454999999995,-33.48165999999996],[-69.92382000099997,-33.48005999899993],[-69.92386999999997,-33.47889999999995],[-69.92411999999996,-33.47824999899995],[-69.92603999999994,-33.47524999999996],[-69.92823999999996,-33.47392999899994],[-69.92924999999997,-33.473159998999954],[-69.92976999899997,-33.47239999899994],[-69.93134999999995,-33.471409999999935],[-69.93210999999997,-33.47142999999993],[-69.93491999999998,-33.474119998999974],[-69.93605999999994,-33.47473999999994],[-69.93822999999998,-33.476459998999935],[-69.93907000099995,-33.47683999999998],[-69.93936999999994,-33.47720999999996],[-69.93965000099996,-33.47816999999996],[-69.94023999999996,-33.478679999999926],[-69.94082999999995,-33.47881999999998],[-69.94131999999996,-33.47818999999998],[-69.94219999999996,-33.47757999999993],[-69.94261999999998,-33.475889998999946],[-69.94346999999993,-33.47524999899997],[-69.94350999999995,-33.47349999899996],[-69.94424500099996,-33.472329999999936],[-69.94426999999996,-33.47198999999995],[-69.94343999999995,-33.47135999999995],[-69.94287999899996,-33.47015999899997],[-69.94135000099993,-33.46816999899995],[-69.94081999999997,-33.46639999999995],[-69.94018999999997,-33.465349999999944],[-69.93996999999996,-33.464179999999956],[-69.94007999999998,-33.463009999999926],[-69.94066499999997,-33.46140499999996],[-69.94127999999995,-33.46085999999997],[-69.94163000099996,-33.46096999899995],[-69.94265999999993,-33.461989999999965],[-69.94373999999995,-33.46231999999998],[-69.94414000099994,-33.46221999999994],[-69.94463999999994,-33.46139999999997],[-69.94487999999996,-33.45911999999997],[-69.94537000099996,-33.45824999999996],[-69.94652999999994,-33.45747999999998],[-69.94791000099997,-33.45693999999997],[-69.94841999999994,-33.455789999999986],[-69.94918999999999,-33.455349999999946],[-69.94906999999995,-33.45442999999995],[-69.94942999999995,-33.45420999899995],[-69.94941999999998,-33.453989999999976],[-69.94810999999999,-33.452909999999974],[-69.94801999999999,-33.45263999999997],[-69.94809999999995,-33.45140999999995],[-69.94872999999995,-33.45034999999996],[-69.94869000099999,-33.44975999999997],[-69.94839999999994,-33.44941999999996],[-69.94848999899996,-33.44857999999994],[-69.94794000099995,-33.447979999999966],[-69.94813999999997,-33.44748999999996],[-69.94894999999997,-33.44730999999996],[-69.95108999999997,-33.44775999899998],[-69.95127999999994,-33.447489999999966],[-69.95122999999995,-33.44604999999995],[-69.95144999899998,-33.44579999999996],[-69.95261999999997,-33.445239999999956],[-69.95408999999995,-33.44573999999993],[-69.95453999999995,-33.44507999999994],[-69.95518999999996,-33.444979998999926],[-69.95532999999995,-33.444519999999955],[-69.95621999999997,-33.44436999999996],[-69.95615000099997,-33.443019999999926],[-69.95646999999997,-33.442649999999965],[-69.95577999999995,-33.442249999999945],[-69.95509999999996,-33.44142999999997],[-69.95382999999998,-33.44095999999996],[-69.95372999999995,-33.44041999999995],[-69.95394999999996,-33.43959999899994],[-69.95319249999994,-33.439089998999975],[-69.95321999999999,-33.438559999999946],[-69.95265999999998,-33.43800999899997],[-69.95279988299995,-33.43759122199997],[-69.97019840299998,-33.43742762099997],[-69.97101924399993,-33.51111297699998],[-69.97631659299998,-33.51107129599995],[-69.97636969499996,-33.51827634099993],[-70.00608787399995,-33.51804395299996],[-70.00601999999998,-33.51865999999996],[-70.00648999999999,-33.51870999899995],[-70.00724999999994,-33.518599999999935],[-70.00789999999995,-33.51870999999994],[-70.01125999999994,-33.51833999999995],[-70.01283999999998,-33.51879999999994],[-70.01370999999995,-33.518819998999966],[-70.01470999999998,-33.518209998999964],[-70.01524999999998,-33.51819999999997],[-70.01538999999997,-33.51874999999995],[-70.01501999999994,-33.520619998999955],[-70.01465999999994,-33.52101999999996],[-70.01288999999997,-33.52184999999997],[-70.01256999999998,-33.52331999999996],[-70.01173999999997,-33.52421999999994],[-70.01167999999996,-33.52481999999997],[-70.01202999999998,-33.52611999899996],[-70.01191999899999,-33.52704999899992],[-70.01296000099995,-33.52784999999992],[-70.01452000099994,-33.52828999999996],[-70.01624999999997,-33.52942999999994],[-70.01691999999997,-33.530099999999955],[-70.01772999999997,-33.530409999999954],[-70.01956999999999,-33.53013999999995],[-70.02135999999997,-33.53018999899996],[-70.02228999999994,-33.52994999999993],[-70.02278000099994,-33.53011999999994],[-70.02285999999998,-33.53090999999994],[-70.02242999999999,-33.53169999899994],[-70.02091999999993,-33.532699999999984],[-70.02023999899995,-33.53345999999994],[-70.01916999999997,-33.53406999999992],[-70.01733999999993,-33.53579999899995],[-70.01632999999998,-33.53649999999993],[-70.01621999999998,-33.53738999899997],[-70.01576000099993,-33.538049999999934],[-70.01635000099998,-33.53892999899995],[-70.01633999999996,-33.53937999999994],[-70.01601999999997,-33.53969999999996],[-70.01477999999997,-33.53999999899996],[-70.01473999999996,-33.54078999999996],[-70.01840999899997,-33.54166999899996],[-70.01957999999996,-33.54165999999998],[-70.02016999999995,-33.54204999899997],[-70.02059000099997,-33.543309998999966],[-70.02051999999998,-33.54468999899996],[-70.02017999999998,-33.54548999899996],[-70.02065999999996,-33.54599999999994],[-70.02090999999996,-33.546819999999975],[-70.02200999999997,-33.54752999999993],[-70.02391999999998,-33.549189999999946],[-70.02391999999998,-33.54951999999997],[-70.02313999999996,-33.55016999899993],[-70.02307999999994,-33.55044999999996],[-70.02474999999998,-33.55120999899998],[-70.02521999999993,-33.55104999999999],[-70.02532999999994,-33.55073999899997],[-70.02625999899993,-33.55032999999996],[-70.02716999999996,-33.54953999999997],[-70.02731000099993,-33.549219999999934],[-70.02713999999997,-33.547959998999936],[-70.02880999999996,-33.545499999999954],[-70.02926000099995,-33.544519998999924],[-70.02971999999994,-33.54192999899993],[-70.03001999999998,-33.54144999899995],[-70.03215999999998,-33.539889998999975],[-70.03288999999997,-33.538809998999945],[-70.03395999999998,-33.53775999899995],[-70.03418999999997,-33.537339998999975],[-70.03413999999998,-33.536759998999955],[-70.03435999999994,-33.53650999999995],[-70.03530999999998,-33.53681999899993],[-70.03667999999993,-33.53786999999994],[-70.03722999999997,-33.53904999999996],[-70.03778999999997,-33.53955999899997],[-70.03850000099999,-33.53970999999996],[-70.03960000099994,-33.53954999899997],[-70.04067999999995,-33.539729999999956],[-70.04151999999993,-33.53869999999996],[-70.04426999999998,-33.53743999999995],[-70.04440999999997,-33.536669998999976],[-70.04388999999998,-33.53431999999999],[-70.04280999999997,-33.53304999999994],[-70.04196000099995,-33.532639998999976],[-70.04193999999995,-33.532269999999976],[-70.04322999999994,-33.53086999899995],[-70.04364999999996,-33.52929999899991],[-70.04416000099997,-33.52865999999995],[-70.04446999999993,-33.527679999999975],[-70.04611999999997,-33.526369999999936],[-70.04643999999996,-33.52583999899997],[-70.04651999999999,-33.52503999999993],[-70.04700999999994,-33.52401999899996],[-70.04707999999994,-33.52223999999995],[-70.04730999999998,-33.52141999999997],[-70.04792999999995,-33.52056999999997],[-70.04824999999994,-33.51967999999994],[-70.04891999999997,-33.519189998999934],[-70.04966999999994,-33.51797999899998],[-70.05185999999998,-33.51716999999998],[-70.05214999999998,-33.516959999999976],[-70.05224999999996,-33.51656999999994],[-70.05278999999996,-33.51630999999998],[-70.05349999999999,-33.51555999899993],[-70.05373999999995,-33.51557999999994],[-70.05391999999995,-33.515839999999976],[-70.05398999999994,-33.51671999999994],[-70.05434999999994,-33.51740999899994],[-70.05490999999995,-33.51763999999997],[-70.05592999999993,-33.516729999999946],[-70.05657999999994,-33.516449999999956],[-70.05732000099994,-33.51629999899994],[-70.05842000099994,-33.51575999899995],[-70.06037999999995,-33.51539999999994],[-70.06057999999996,-33.51414999899998],[-70.06097000099999,-33.513939998999945],[-70.06174999999996,-33.51394999899998],[-70.06236999999999,-33.514269999999954],[-70.06278999999995,-33.51554999999996],[-70.06321999999996,-33.516289999999955],[-70.06367999999998,-33.51663999999993],[-70.06538999999998,-33.51573999899994],[-70.06624999999997,-33.51465999899995],[-70.06816999999995,-33.51451999899995],[-70.06859000099998,-33.51480999999995],[-70.06925999999999,-33.51611999899995],[-70.07055999999994,-33.51782999899995],[-70.07068999999996,-33.51842999999997],[-70.07004000099994,-33.518789999999974],[-70.06887999999998,-33.51891999999997],[-70.06853999999998,-33.51911999999993],[-70.06771999999995,-33.52024999899993],[-70.06703999999996,-33.52205999999995],[-70.06571999999994,-33.52325999999994],[-70.06491999999997,-33.52494999899993],[-70.06375000099996,-33.52604999999994],[-70.06333999999998,-33.52780999999992],[-70.06348999999994,-33.52983999999998],[-70.06431999899996,-33.530079998999945],[-70.06472999999994,-33.53038999999995],[-70.06559999999996,-33.53050999999994],[-70.06582999999995,-33.53104999999993],[-70.06569999999994,-33.53133999999994],[-70.06471999999997,-33.53201999999993],[-70.06388999999996,-33.53238999899996],[-70.06293999999997,-33.53352999999993],[-70.06321999999996,-33.53382999999995],[-70.06428999999997,-33.53422999999996],[-70.06755999999996,-33.53468999999996],[-70.06865999999997,-33.53499999899998],[-70.07181999999995,-33.53511999899995],[-70.07523999999995,-33.53498999899995],[-70.07677999999999,-33.53637999999995],[-70.07657999999998,-33.53716999999995],[-70.07539999999995,-33.538679998999946],[-70.07481999999999,-33.54018999999993],[-70.07468999999998,-33.54147999999999],[-70.07376999999997,-33.542659999999955],[-70.07339999999994,-33.54412999899994],[-70.07356999999996,-33.545079998999945],[-70.07339999999994,-33.54585999899996],[-70.07269999999994,-33.54656999999999],[-70.07229999999998,-33.547369999999916],[-70.07110999999998,-33.54837999999996],[-70.07115999899997,-33.549049999999966],[-70.07139999999998,-33.54925999999993],[-70.07263999999998,-33.54959999999994],[-70.07375000099995,-33.55039999999997],[-70.07737999999995,-33.55109999999996],[-70.07808999999997,-33.55116999899997],[-70.07995999999997,-33.55095999999998],[-70.08118000099995,-33.55131999999999],[-70.08317999999997,-33.55132999999996],[-70.08484999999996,-33.55258999899995],[-70.08583999999996,-33.55363999999997],[-70.08914999899997,-33.55505999899998],[-70.08962999999994,-33.55488999999994],[-70.09020000099997,-33.55415999999996],[-70.09157999999996,-33.55316999999997],[-70.09176999999994,-33.55276999899997],[-70.09270999999995,-33.55200999899996],[-70.09380999999996,-33.55184999999994],[-70.09489000099995,-33.55243999999993],[-70.09568999999993,-33.55368999999995],[-70.09690999999998,-33.55416999899995],[-70.09937999999994,-33.554539998999935],[-70.10037999999997,-33.55520999899993],[-70.10195999999996,-33.55546999999994],[-70.10338999999993,-33.55628999999994],[-70.10428999999993,-33.55623999999995],[-70.10509999999994,-33.55645999999995],[-70.10577999999998,-33.55616999999993],[-70.10686000099997,-33.555299998999935],[-70.10752999999994,-33.55342999999992],[-70.10844999999996,-33.552239998999944],[-70.10985999999997,-33.55123999899997],[-70.10995999999994,-33.55038999899994],[-70.11024999999995,-33.54992999999995],[-70.11122000099994,-33.54924999999997],[-70.11188999999996,-33.54804999999993],[-70.11300000099999,-33.54750999899995],[-70.11361999999997,-33.54677999999995],[-70.11563999999998,-33.54538999999993],[-70.11614999999995,-33.54247999999995],[-70.11720999999994,-33.54101999899995],[-70.11855000099996,-33.54018999999995],[-70.12075999999996,-33.53970999999996],[-70.12224999999995,-33.53899999899995],[-70.12340999999998,-33.53887999999994],[-70.12338999999997,-33.53923999999995],[-70.12132999999994,-33.54105999999996],[-70.12054999999998,-33.54221999999993],[-70.11972999999995,-33.54299999999996],[-70.11883999999998,-33.54442999999996],[-70.11878999999993,-33.54485999999997],[-70.11902999999995,-33.545529999999914],[-70.11961999999994,-33.54604999999999],[-70.12181999999996,-33.54695999899996],[-70.12233999999995,-33.54739999999998],[-70.12247999999994,-33.54898999899995],[-70.12191999999999,-33.54999999899996],[-70.12190999999996,-33.55241999999996],[-70.12210999999996,-33.552909999999926],[-70.12234999999998,-33.55312999899996],[-70.12357999999995,-33.553439999999966],[-70.12399000099998,-33.55404999899996],[-70.12597999999997,-33.55404999999996],[-70.12643999999995,-33.554339998999986],[-70.12636999999995,-33.55638999999996],[-70.12470999999994,-33.55817999899995],[-70.12470999999994,-33.55842999899994],[-70.12523,-33.55886999899997],[-70.12568999999996,-33.560329999999965],[-70.12689000099994,-33.56184999999994],[-70.12761999899993,-33.56210999899997],[-70.12917999899997,-33.56220999899995],[-70.12984999999998,-33.56285999899993],[-70.13171999999997,-33.56367999899993],[-70.13272999999998,-33.56451999999995],[-70.13485999999995,-33.56491999999998],[-70.13531999999998,-33.56422999899996],[-70.13593999999995,-33.56405999999998],[-70.13705999999996,-33.56418999999993],[-70.13812999999993,-33.56481999999993],[-70.13881999999995,-33.56573999999994],[-70.13889000099994,-33.56629999899998],[-70.13863999999995,-33.56679999999993],[-70.13853999999998,-33.567809999999945],[-70.13768999999996,-33.56846999899995],[-70.13758999999999,-33.56895999899995],[-70.13706999999994,-33.56955999999996],[-70.13711999999998,-33.571359998999974],[-70.13737000099997,-33.57171999899998],[-70.13825999999995,-33.572159999999926],[-70.14016999999996,-33.57269999899993],[-70.14196000099997,-33.57178999999995],[-70.14453999999995,-33.56915999999994],[-70.14569000099993,-33.566409998999966],[-70.14592999999996,-33.563769999999984],[-70.14699999999993,-33.56178999899998],[-70.14698999899997,-33.56112999899996],[-70.14663999999993,-33.56054999999997],[-70.14552999999995,-33.560099998999924],[-70.14369999999997,-33.56012999999996],[-70.14222999999998,-33.55892999999997],[-70.14219999999995,-33.55869999999992],[-70.14352000099996,-33.55795999899993],[-70.14555999999999,-33.55850999999997],[-70.14626999999996,-33.558439998999965],[-70.14734999999996,-33.55799999999993],[-70.14818999999994,-33.55727999999993],[-70.14980999999995,-33.55451999899997],[-70.14954999999998,-33.55196999899992],[-70.14867999999996,-33.55049999999995],[-70.14872999999994,-33.549949998999985],[-70.14969999999995,-33.54829999899993],[-70.14955999999995,-33.546609998999934],[-70.14930999999996,-33.54582999999998],[-70.14893999999998,-33.54538999999994],[-70.14765999999997,-33.54477999899994],[-70.14719999999994,-33.54412999999993],[-70.14719999999994,-33.54359999999998],[-70.14786999999997,-33.54164999999994],[-70.14794999999998,-33.54034999999994],[-70.14861999999994,-33.53916999899996],[-70.14842999999996,-33.53790999999996],[-70.14858999999996,-33.53673999899996],[-70.14905999999996,-33.53625999999996],[-70.15001999999998,-33.53606999999994],[-70.15165999999994,-33.53669999999994],[-70.15321000099993,-33.53772999999995],[-70.15595999999994,-33.538309998999985],[-70.15642999999994,-33.53860999899996],[-70.15756999999996,-33.53887999999994],[-70.15826999999996,-33.538859998999946],[-70.15900999999997,-33.53853999999997],[-70.15937999999994,-33.53795999899993],[-70.15932999999995,-33.53731999999998],[-70.15820000099995,-33.53625999999996],[-70.15797000099997,-33.53534999999992],[-70.15879999999999,-33.534779998999966],[-70.16001999899999,-33.534689998999966],[-70.16526999999996,-33.53640999999994],[-70.16695999999996,-33.53760999899998],[-70.16773999999998,-33.53778999999996],[-70.16909999999996,-33.537699998999976],[-70.16972999999996,-33.537829999999914],[-70.17074999999994,-33.53888999899992],[-70.17394999999993,-33.53984999999994],[-70.17706999999996,-33.541159998999944],[-70.18225999999999,-33.54209999899995],[-70.18424000099998,-33.54279999999994],[-70.18587999899995,-33.543739999999964],[-70.18643999999995,-33.544409999999964],[-70.18628999999999,-33.544959998999964],[-70.18538999999998,-33.545819999999935],[-70.18329999999997,-33.546439998999965],[-70.18053000099997,-33.54817999999996],[-70.18012999999996,-33.54873999899996],[-70.17867999999999,-33.54962999999998],[-70.17818999999997,-33.54968999999994],[-70.17743999999993,-33.54940999999997],[-70.17672999999996,-33.54937999999992],[-70.17398999999995,-33.55038999899994],[-70.17126999999994,-33.55080999899997],[-70.16989999999998,-33.55139999999994],[-70.16712999999999,-33.55385999899993],[-70.16396999999995,-33.55744999999994],[-70.15877999999998,-33.56096999999995],[-70.15800999999993,-33.56202999899995],[-70.15784999999994,-33.56297999899994],[-70.15700999999996,-33.563880000000005],[-70.15665999999999,-33.56464999899999],[-70.15574999999995,-33.56552999999997],[-70.15547999999995,-33.567299998999935],[-70.15475999999995,-33.56881999899997],[-70.15488999999997,-33.571989999999964],[-70.15397000099995,-33.57334999999994],[-70.15404000099996,-33.573619998999945],[-70.15455999999995,-33.57389999999998],[-70.15496999999993,-33.57483999999993],[-70.15578999999997,-33.57551999999998],[-70.15666999999996,-33.57577999899995],[-70.15846999999997,-33.57585999999996],[-70.15886999999998,-33.576139999999945],[-70.15873999999997,-33.576429999999945],[-70.15784999999994,-33.57680999999997],[-70.15651999999994,-33.57819999999998],[-70.15619999999996,-33.57879999999994],[-70.15608999999995,-33.58286999999995],[-70.15626999999995,-33.58343999999994],[-70.15727999999996,-33.584639999999986],[-70.15842999999995,-33.58550999899995],[-70.16004999999996,-33.58629999999994],[-70.16208999999998,-33.58644999999995],[-70.16406999999998,-33.587529999999944],[-70.16795999999994,-33.587879998999924],[-70.16954999999996,-33.58855999999997],[-70.17104999999998,-33.58886999899993],[-70.17235999999997,-33.58873999999998],[-70.17524999999995,-33.587569998999975],[-70.17614999999995,-33.58758999999997],[-70.17708999999996,-33.58783999999996],[-70.17791999999997,-33.58828999999998],[-70.17928999999998,-33.58961999999997],[-70.18445999999994,-33.59065999899995],[-70.18528999999995,-33.59039999899995],[-70.18588999999997,-33.589689999999955],[-70.18656000099998,-33.588399998999925],[-70.18706999999995,-33.58630999999998],[-70.18778999999995,-33.585779999999936],[-70.18896999999998,-33.58551999999998],[-70.19079999999997,-33.586579998999966],[-70.19152999999994,-33.586799998999936],[-70.19363999999996,-33.586729998999935],[-70.19433999999995,-33.58693999999997],[-70.19466999999997,-33.58727999999996],[-70.19473999999997,-33.58879999899994],[-70.19502000099999,-33.589149999999954],[-70.19775999999996,-33.589809999999936],[-70.19920138799995,-33.590664285999935],[-70.19649206399998,-33.59069425199995],[-70.19604312299998,-33.590504556999974],[-70.19591645299994,-33.59015948599994],[-70.19549429899996,-33.59004998999994],[-70.19474389299995,-33.59036722799992],[-70.19445193799999,-33.590716870999984],[-70.19248456799994,-33.59082662499998],[-70.19043671099996,-33.590717087999955],[-70.19015585499994,-33.59175950099996],[-70.18960110199998,-33.592151753999936],[-70.18956080399994,-33.59275095899993],[-70.18890228699996,-33.59285303899998],[-70.18880128399996,-33.59326675599993],[-70.18819971399995,-33.59347736099994],[-70.18791532599994,-33.59383658199994],[-70.18712067299998,-33.59407873999992],[-70.18649882499994,-33.594676319999955],[-70.18549574699995,-33.59489294999996],[-70.18488034699993,-33.59531331999995],[-70.18407273099996,-33.59551747099994],[-70.18249589199996,-33.59540906099992],[-70.18196228599999,-33.594937421999944],[-70.18021141299994,-33.59476118699996],[-70.17951325399997,-33.593719706999934],[-70.17789509499994,-33.593468756999975],[-70.17621581799995,-33.592437000999944],[-70.17503814699995,-33.59277914799996],[-70.16917648399993,-33.592667096999946],[-70.16824497299996,-33.59212311999994],[-70.16738913899997,-33.59203949399995],[-70.16337632199998,-33.59006743699994],[-70.16132620699996,-33.59039091399996],[-70.16059701399998,-33.59003489899993],[-70.15575454999998,-33.59014840099995],[-70.15462711799995,-33.59003073699995],[-70.15315470999997,-33.59068070299998],[-70.15104957899996,-33.590737471999944],[-70.15109184099998,-33.59108199499996],[-70.15047024399996,-33.59152102299998],[-70.15021799299996,-33.59134901599998],[-70.14978833699996,-33.59138222099994],[-70.14924661799995,-33.590844537999935],[-70.14784488099997,-33.590081019999964],[-70.14693432699994,-33.589985061999975],[-70.14568764699999,-33.58946482299994],[-70.14567273099993,-33.587337908999984],[-70.14545813999996,-33.58705428499996],[-70.14433296499993,-33.586527394999976],[-70.14337398099997,-33.58564400799996],[-70.14187763399997,-33.581947578999966],[-70.14082670299996,-33.581672355999956],[-70.13988752399996,-33.58094201699997],[-70.13902803599996,-33.580726087999956],[-70.13810689599995,-33.57984402399994],[-70.13687615999999,-33.579279231999976],[-70.13588436799995,-33.57844020299994],[-70.13413774999998,-33.577674169999945],[-70.13235217799996,-33.575966808999965],[-70.13160668799998,-33.574926509999955],[-70.13120138999994,-33.57473515899995],[-70.13119293799997,-33.57415874799995],[-70.12924841299997,-33.57224460599996],[-70.12917329699997,-33.57153096199995],[-70.12847964999997,-33.570490890999956],[-70.12864017699997,-33.57015745199994],[-70.12889865299996,-33.57011906399998],[-70.12909623199994,-33.569555927999936],[-70.12909381999998,-33.56818751799995],[-70.12803159999999,-33.56690489499992],[-70.12768475899998,-33.566637211999925],[-70.12707953499995,-33.56663437599995],[-70.12631145399996,-33.56598464199993],[-70.12093427899998,-33.56598224499993],[-70.11937636499994,-33.56448735899994],[-70.11757999199995,-33.563934637999985],[-70.11567972899996,-33.56221836399993],[-70.11522572899997,-33.56204262399995],[-70.11497742599994,-33.56162306699996],[-70.11507391599997,-33.56022634799995],[-70.11418233299997,-33.558684304999936],[-70.11408794899995,-33.55813090299995],[-70.11017713899997,-33.55781228599993],[-70.10820775199994,-33.55738176899996],[-70.10471392199997,-33.55720415799993],[-70.10291576399999,-33.556539690999955],[-70.10198467899994,-33.55640401699997],[-70.10003263599998,-33.55633492999991],[-70.09893095999996,-33.55657174499992],[-70.09824399399997,-33.556418262999955],[-70.09780614099998,-33.555921367999936],[-70.09738731399995,-33.555744442999966],[-70.09512792899994,-33.55555927499995],[-70.09335892499996,-33.554256996999975],[-70.09224450399995,-33.55430095799994],[-70.09160132799997,-33.55501321099996],[-70.09074780799995,-33.55499693299997],[-70.09070281099997,-33.555433661999984],[-70.09046055399995,-33.55564106099995],[-70.08646146899997,-33.555733587999946],[-70.08515915999993,-33.55567628799998],[-70.08382632599995,-33.55523486199996],[-70.08345877699998,-33.55533969499993],[-70.08313858399998,-33.55501486699994],[-70.08029240899998,-33.554888572999964],[-70.07960367899994,-33.554329733999964],[-70.07860869799998,-33.55429091899998],[-70.07831246999996,-33.55447430999994],[-70.07839059599996,-33.55492090399997],[-70.07767416399997,-33.555087709999945],[-70.07760811599996,-33.55635785799995],[-70.077400244,-33.55650481199995],[-70.07709080099994,-33.55634366699995],[-70.07667697599999,-33.55717098599996],[-70.07635794799997,-33.55709963699996],[-70.07628119699996,-33.557468713999974],[-70.07581310099994,-33.55773640399996],[-70.07533604199995,-33.55841007899993],[-70.07443005899995,-33.55866851799991],[-70.07337855699996,-33.55969980599997],[-70.07198162999998,-33.56001349699995],[-70.07132368599997,-33.56046646599998],[-70.07034888899994,-33.56056079899997],[-70.06940671299998,-33.56110035799999],[-70.06873380099995,-33.56187352999995],[-70.06806423199998,-33.56220019599995],[-70.06815318699995,-33.560358548999936],[-70.06796460299995,-33.55967460999995],[-70.06731071899998,-33.55899076399994],[-70.06730649399998,-33.55777893399994],[-70.06644033999999,-33.556937709999936],[-70.06475283199995,-33.555847445999966],[-70.06423978499998,-33.55505609299995],[-70.06305972199993,-33.55386092099997],[-70.06212842699995,-33.55347488499994],[-70.06106075999998,-33.55257461399998],[-70.06079180799998,-33.55185231499996],[-70.05965982199996,-33.550598755999935],[-70.05857715699995,-33.549748760999925],[-70.05826559899998,-33.54925529199994],[-70.05718694699993,-33.54925125599993],[-70.05682377399995,-33.54903671099995],[-70.056770165,-33.54872441799994],[-70.05721116999996,-33.54811002099994],[-70.05700459199994,-33.54782779899994],[-70.05673837399998,-33.54557970599997],[-70.05654195699998,-33.54528915599997],[-70.05598280899994,-33.54559221099997],[-70.05495901399996,-33.54564787599999],[-70.05459956599998,-33.545502584999944],[-70.054100927,-33.54492219199993],[-70.05279233299996,-33.545112297999935],[-70.05175189399995,-33.54477195599997],[-70.05042198199999,-33.54469693399995],[-70.04880000999998,-33.54489562099997],[-70.04766783399998,-33.54553682499995],[-70.04599345799994,-33.545500974999975],[-70.04397314699997,-33.54710077899995],[-70.04080855799998,-33.54835601799994],[-70.03916864299998,-33.54994995299995],[-70.03776406299994,-33.55078413399999],[-70.03745627699993,-33.55181853199996],[-70.03658041399996,-33.55283925399993],[-70.03382634099995,-33.554969092999954],[-70.03202453299997,-33.55583691399994],[-70.03096050199997,-33.55581235399994],[-70.03015192999999,-33.55602574499994],[-70.02942812399993,-33.55697781599997],[-70.02958296599996,-33.55834349299992],[-70.02893184899995,-33.55971237099993],[-70.02754857199994,-33.56103118999995],[-70.02666807799994,-33.56127485099994],[-70.02609178099993,-33.562055063999935],[-70.02564729499994,-33.562098561999946],[-70.02354269499995,-33.56165496999994],[-70.02299513399998,-33.56170445299994],[-70.02167646999999,-33.56115362999998],[-70.01848094699994,-33.56195351499997],[-70.01563314099998,-33.56202810599995],[-70.01523174599998,-33.56123127799999],[-70.01577631399994,-33.55994596199997],[-70.01448040699995,-33.559108078999934],[-70.01372353999994,-33.55832352999994],[-70.01364204799995,-33.55679587499998],[-70.01202118799995,-33.555264506999954],[-70.01146277699996,-33.55499508099995],[-70.00918974299998,-33.55499191599995],[-70.00819638599995,-33.55432268799994],[-70.00764295199997,-33.55430074699995],[-70.00673768699994,-33.55340618599996],[-70.00629963499995,-33.55322354099997],[-70.00305447099998,-33.552978939999946],[-70.00219008299996,-33.55254750299997],[-70.00093490899997,-33.55224317099992],[-70.00026599199998,-33.55155039099997],[-69.99994465599997,-33.55061046299993],[-69.99927002999993,-33.54957223199993],[-69.99939928399994,-33.54909905399995],[-69.99815103599997,-33.546199771999966],[-69.99715630799994,-33.54589120899993],[-69.99623159499998,-33.54503218399998],[-69.99309749999998,-33.54445624699995],[-69.99190276699994,-33.54398860599997],[-69.99182080899993,-33.54351409099996],[-69.99157994799998,-33.54334771599995],[-69.99181359299996,-33.54120149999993],[-69.99162416299998,-33.54069130299996],[-69.99136116999995,-33.54054491499992],[-69.99153897099995,-33.53910812099997],[-69.99130548999995,-33.53835993299999],[-69.99145552499994,-33.538138552999946],[-69.99106559399996,-33.53754153099992],[-69.99003149199996,-33.53695162899993],[-69.98983871799999,-33.53665074599996],[-69.98949348499997,-33.53489622799997],[-69.98909548799998,-33.534380761999955],[-69.98898863199997,-33.53307642199996],[-69.98854359999996,-33.53173731399994],[-69.98678347099997,-33.531592981999964],[-69.98495482699997,-33.531045286999976],[-69.98359881499994,-33.53028875899997],[-69.98144331199995,-33.52956541699996],[-69.98082928099996,-33.52993038099994],[-69.97984021599996,-33.53018179299993],[-69.97855133999997,-33.52994362099996],[-69.97666494599997,-33.52901788799995],[-69.97545960199994,-33.528828892999975],[-69.97331007499997,-33.52927822799995],[-69.97169662499994,-33.53024597999995],[-69.97094360599993,-33.53022100899993],[-69.97079833999999,-33.52971082199997],[-69.96889833699998,-33.52945596099994],[-69.96799553399995,-33.52886102399999],[-69.96763533299998,-33.52879898099996],[-69.96648509299996,-33.52925502899996],[-69.96544410599995,-33.52910835999997],[-69.96461340999997,-33.52877954199994],[-69.96348181699994,-33.52788371099996],[-69.96278655899994,-33.527643342999966],[-69.96290013099997,-33.52756757999997],[-69.96233074399998,-33.52652198399992],[-69.96299441599996,-33.525591228999936],[-69.96363569999994,-33.52373941999997],[-69.96432796999994,-33.52245191999999],[-69.96432935899998,-33.521962224999996],[-69.964735197,-33.521550233999946],[-69.96488385199996,-33.52063591399997],[-69.96461164199997,-33.52030271699994],[-69.96250254399997,-33.51871712299994],[-69.96042436799996,-33.51757390399996],[-69.95881503699997,-33.515927230999985],[-69.95522421599998,-33.515117185999934],[-69.95510044199995,-33.51493104199995],[-69.95292196099996,-33.51403933899997],[-69.95225621199995,-33.51353756799994],[-69.95161802999996,-33.513555429999954],[-69.95118593999996,-33.51127492099993],[-69.95081267399996,-33.51053912599997],[-69.94907936299995,-33.508903180999916],[-69.94728295099998,-33.507926907999945],[-69.94702553399998,-33.50803209799994],[-69.94696996599998,-33.50864631199994],[-69.94586617799996,-33.50977660399996],[-69.94576375199995,-33.51035295799992],[-69.94527988199997,-33.51054197499997],[-69.94454747099996,-33.51119526299991],[-69.94436244399998,-33.51116151999998],[-69.94318698099994,-33.51248392299992],[-69.94279820899999,-33.512556176999965],[-69.94236470199996,-33.513092674999925],[-69.94181721399997,-33.513269202999936],[-69.94133841899998,-33.513764880999936],[-69.94058283099997,-33.51382488899996],[-69.93966459199999,-33.51445867199993],[-69.93805730799994,-33.51442850099995],[-69.93705220999993,-33.514610899999965],[-69.93527592899994,-33.51539193699995],[-69.93517647299996,-33.51562710999997],[-69.93459005499994,-33.51593025899995],[-69.93367458599994,-33.5159790079999],[-69.93245067199996,-33.51708049499997],[-69.93259885199996,-33.517971454999945],[-69.93300929799994,-33.518832655999965],[-69.93299503399999,-33.52001157899997],[-69.93133259299998,-33.51971886699994],[-69.92915325099995,-33.51999080199993],[-69.92674305299994,-33.519999098999946],[-69.92312860599998,-33.52139261899996],[-69.92051582599998,-33.522013109999925],[-69.91942645199998,-33.522039854999946],[-69.91819038399996,-33.52259999899998],[-69.91772233399996,-33.52262980799997],[-69.91759756199997,-33.52327828999994],[-69.91703053499998,-33.52356185799994],[-69.91690185899995,-33.52413929299997],[-69.91634754699999,-33.52452944199996],[-69.91605207499998,-33.52529942999996],[-69.91571494899995,-33.525510050999976],[-69.91544586099997,-33.526109130999934],[-69.91496017199995,-33.52638407099994],[-69.91489181099996,-33.52750041899997],[-69.91355506399998,-33.52891619599993],[-69.91289765699997,-33.529014024999974],[-69.91278099699997,-33.52955918499998],[-69.91218538899994,-33.52978332699996],[-69.91207600499996,-33.530225694999956],[-69.91148480099997,-33.530413131999985],[-69.91112531099998,-33.530908634999946],[-69.91023522399996,-33.53119645999993],[-69.90996652999996,-33.53149904299994],[-69.91004818199997,-33.531644520999976],[-69.90944656999994,-33.531700954999955],[-69.90863208099995,-33.53367942799997],[-69.90821656399999,-33.533896271999936],[-69.90661117099995,-33.53566903499996],[-69.90566487799998,-33.53560756099995],[-69.90489347099998,-33.535836952999944],[-69.90434992399997,-33.53643816099998],[-69.90351409599998,-33.53692836599997],[-69.90005781199994,-33.538481383999965],[-69.89907673199997,-33.53813778999995],[-69.89796526899994,-33.53712575899992],[-69.89770871499996,-33.53709352799996],[-69.89526284999994,-33.53720551299995],[-69.89443491799994,-33.53773750399997],[-69.89310574899997,-33.53806404199996],[-69.89191940999996,-33.53785842899999],[-69.89056039499997,-33.538215897999976],[-69.88870154999995,-33.53787998899997],[-69.888295176,-33.53797584499995],[-69.88748213099996,-33.538566454999966],[-69.88648282599996,-33.53889216499993],[-69.88657298699997,-33.53912379099996],[-69.88613455699993,-33.53935036399996],[-69.88552977099994,-33.540055959999954],[-69.88297639799998,-33.54194734699996],[-69.88169132299998,-33.541934147999946],[-69.88123859499996,-33.54247282599994],[-69.87922625999994,-33.542942138999926],[-69.87210467699998,-33.54313813599997],[-69.87203470499998,-33.54041315799997],[-69.87166468899994,-33.53889315899993],[-69.87110467999997,-33.53809316199993],[-69.86415219299994,-33.53407094199997],[-69.86261029199994,-33.533385669999966],[-69.86104143499995,-33.533058611999934],[-69.85929805899997,-33.531729593999955],[-69.85751979099996,-33.52938094199993],[-69.85724215899995,-33.52727525499996],[-69.85592867999998,-33.52573337299998],[-69.85321183299999,-33.523591296999925],[-69.85050346899999,-33.52270674499994],[-69.84858960599996,-33.52096303899998],[-69.84214047799998,-33.518915509999935],[-69.83852502099995,-33.51819543399994],[-69.83735181299994,-33.51739860399995],[-69.83537005299996,-33.515454215999966],[-69.83474188199995,-33.51328414499994],[-69.83354264099995,-33.51071432499999],[-69.83238804899997,-33.50660822499999],[-69.83269768099996,-33.505855083999954],[-69.83262680799999,-33.50370880899993],[-69.83231748299994,-33.50228112999998],[-69.83171524299996,-33.50129164999998],[-69.83218837399994,-33.49962424099994],[-69.83232386599997,-33.49825037299996],[-69.83183145599997,-33.497002073999965],[-69.83242631999997,-33.49547921899995],[-69.83228633899995,-33.49266848299992],[-69.83197422399996,-33.49202424099997],[-69.83216457999998,-33.49054897499996],[-69.83152212699997,-33.48859781699998],[-69.83073690299994,-33.48714634699996],[-69.82995187299997,-33.48432281099996],[-69.83010713899995,-33.48030142999994],[-69.82977401499994,-33.47915928899993],[-69.82817731899996,-33.47610651799993],[-69.82686121899997,-33.474565522999974],[-69.82550393399998,-33.47459387699997],[-69.82434884399999,-33.474114831999934],[-69.82233146499993,-33.473794980999955],[-69.82090792899999,-33.47319348199994],[-69.81856590299998,-33.472750395999974],[-69.81733159099997,-33.47230730999996],[-69.81647706799998,-33.470756507999944],[-69.81526849999995,-33.46914031599993],[-69.81852362099994,-33.46337251099992],[-69.82046526399995,-33.46285855399998],[-69.82120765899998,-33.46148798599996],[-69.82142047999997,-33.459566871999975],[-69.82110115999996,-33.457054058999965],[-69.82120767699996,-33.45554884999995],[-69.82183749399996,-33.45486178199997],[-69.82212432699998,-33.45405593799995],[-69.82189297099995,-33.45292192699997],[-69.81953071399994,-33.45131955699997],[-69.81879308099997,-33.45053433499992],[-69.81779938399995,-33.44839516799993],[-69.81512871099994,-33.44430014799997],[-69.81453384599996,-33.44219194499993],[-69.81489552299996,-33.44009801999993],[-69.81620898499995,-33.43889877199995],[-69.82071281899994,-33.43208735799993],[-69.82008464299997,-33.43123074999994],[-69.82002753999996,-33.43020282199996],[-69.81685870499996,-33.428912397999966],[-69.81593666399993,-33.42831753299999],[-69.81162389099995,-33.42700882899992],[-69.81081591699996,-33.42639927899995],[-69.80930391599998,-33.425700125999995],[-69.80725750299997,-33.424163986999936],[-69.80585297199997,-33.424320060999925],[-69.80351203399994,-33.42403521099993],[-69.79852307799996,-33.42443961299994],[-69.79718472699994,-33.424092296999945],[-69.79600382299998,-33.42298128499991],[-69.79572183799996,-33.42194689799992],[-69.79621688099996,-33.41963249999998],[-69.79684210099998,-33.418895551999974],[-69.79773378699997,-33.41728278199997],[-69.79707030999998,-33.41535056899994],[-69.79711028299994,-33.41269080999995],[-69.79856659899997,-33.40966850699994],[-69.79878288799995,-33.40822039499995],[-69.80004663499994,-33.40484274399995],[-69.80127664499997,-33.40338230299993],[-69.80311842399993,-33.40222118099995],[-69.80506557899997,-33.39902231499996],[-69.80712144199998,-33.39662382199998],[-69.80969126299993,-33.39513904699992],[-69.81163290899997,-33.39348294699993],[-69.81572846099994,-33.39113845399993],[-69.79519373899996,-33.39681500099994],[-69.79365895999996,-33.39565942999996],[-69.79154849499997,-33.39473104399997],[-69.78964668299994,-33.394339487999964],[-69.78690723899996,-33.39286356499996],[-69.78482521199999,-33.39110871099996],[-69.78257236099995,-33.38823179099996],[-69.77822529799994,-33.38377464499996],[-69.77769052799994,-33.38081279899997],[-69.77521027799997,-33.37686357599996],[-69.77360414299994,-33.37057465999993],[-69.77309488499998,-33.36533317999995],[-69.77100339199995,-33.36024066099998],[-69.77035617899998,-33.357522364999966],[-69.77025491199998,-33.35594316999993],[-69.77090821399997,-33.35457183299995],[-69.77073996499996,-33.352605066999956],[-69.76991391799999,-33.350510865999965],[-69.76961359499995,-33.34592748899997],[-69.76981355699996,-33.34316491799995],[-69.77092229899996,-33.341584972999954],[-69.77121973199996,-33.34081164799994],[-69.77251472399996,-33.33923110799997],[-69.77477245799997,-33.335383859999986],[-69.77544621099997,-33.33504160299997],[-69.77585749099995,-33.33429882499996],[-69.77587652799997,-33.33329763899996],[-69.77663498399994,-33.332693183999936],[-69.77664498699994,-33.33174318399995],[-69.77639498999997,-33.33080318299995],[-69.77667499499995,-33.328643182999954],[-69.77713499699996,-33.32809318399995],[-69.77852500199998,-33.32717318899996],[-69.77900805199994,-33.326508684999965],[-69.78042501599998,-33.322213191999936],[-69.78200807399998,-33.31979016399999],[-69.78336404399994,-33.31889163799997],[-69.78376845799994,-33.31671583499997],[-69.78498765099994,-33.31572168699995],[-69.78653309699996,-33.31329077799995],[-69.78808945899993,-33.31144328499992],[-69.78936139799998,-33.31033497699997],[-69.79042946499999,-33.30975132999998],[-69.79093509999996,-33.308888775999954],[-69.79128506199999,-33.307293221999956],[-69.79268915099993,-33.30519125799997],[-69.79266484499993,-33.30353560699995],[-69.79325747999997,-33.30143091899998],[-69.79472971699994,-33.30101636899997],[-69.79531541699998,-33.30041013099998],[-69.79639533899996,-33.29750666399996],[-69.79633858499994,-33.29643642999995],[-69.79781302899994,-33.29401232899994],[-69.79780230999995,-33.29338572299997],[-69.79833510899994,-33.29220323999993],[-69.79830675599999,-33.29148691299998],[-69.80004512399995,-33.28753324499996],[-69.80098442799994,-33.28738368699993],[-69.80290657099994,-33.28817946299991],[-69.80464230099994,-33.28853248699993],[-69.80601049199998,-33.289067864999915],[-69.80694975599994,-33.289684184999935],[-69.808330465,-33.29007913699995],[-69.80954186199995,-33.29007084799997],[-69.81180729299996,-33.28928478799999],[-69.81295789399996,-33.28941649599993],[-69.81437435899994,-33.28931964699994],[-69.81597335999999,-33.288634367999975],[-69.81917164299995,-33.28624138999994],[-69.82115425499995,-33.28418996999994],[-69.82289701399998,-33.281789989999936],[-69.82379514799999,-33.28090331399994],[-69.82451261699998,-33.28045794099995],[-69.82661949799996,-33.28093010999992],[-69.82765550899995,-33.280642233999956],[-69.82840139899997,-33.28003543099991],[-69.82913190999994,-33.27876170399997],[-69.83174516299994,-33.27660333699999],[-69.83171516699997,-33.275803333999924],[-69.83336161999995,-33.27410152299996],[-69.83478541299996,-33.27323298999994],[-69.83722824399996,-33.27304861099998],[-69.83925959999993,-33.27233962799993],[-69.83966297799998,-33.271894431999954],[-69.84081932799995,-33.271701501999935],[-69.84114872099997,-33.27257390999996],[-69.84240507799996,-33.273687496999976],[-69.84453231499998,-33.27512945099993],[-69.84677107199997,-33.27601460899995],[-69.84782755299996,-33.27581473399994],[-69.85037644199997,-33.27605158699999],[-69.85186366399995,-33.27728866799999],[-69.85344189999995,-33.27799368599994],[-69.85544713399997,-33.279287415999924],[-69.85691916099995,-33.27978289199996],[-69.85863236299997,-33.282409823999956],[-69.85950173499998,-33.28312786599998],[-69.86242792599995,-33.28240195699993],[-69.86332790699998,-33.28151459099996],[-69.86464370199997,-33.28091279599993],[-69.86874996399996,-33.279544875999925],[-69.87026947299995,-33.27835108399996],[-69.87058203299995,-33.27784129199994],[-69.87452089299995,-33.27626074199997],[-69.87807580699996,-33.276860364999955],[-69.88058851799997,-33.27636067899994],[-69.88267292599994,-33.27688891999997],[-69.88401494099998,-33.27804533699998],[-69.88517897799994,-33.278560204999955],[-69.88627220199999,-33.278583731999966],[-69.88732408599998,-33.278008604999975],[-69.88963998799994,-33.276117973999916],[-69.89585680999994,-33.27519921699996],[-69.89900709299997,-33.27418652499995],[-69.90040052799998,-33.27333687399993],[-69.90433547899994,-33.27292973499993],[-69.90705722999996,-33.27122234299998],[-69.90837266599993,-33.27001773699994],[-69.91016076499994,-33.26591007699995],[-69.91246849199996,-33.25926704399996],[-69.91387616599997,-33.25627521499995],[-69.91475861499998,-33.25332267199997],[-69.91802641899994,-33.244704958999925],[-69.92134642799994,-33.245809566999974],[-69.91922307599998,-33.24825997399996],[-69.91756695899994,-33.252143248999964],[-69.91733852599998,-33.25334249599995],[-69.91517418599994,-33.25623752599995],[-69.91708151099994,-33.26316491399995],[-69.91722427499997,-33.26584894499995],[-69.91675310299996,-33.26671276099994],[-69.91632760999994,-33.266996420999924],[-69.91766010899994,-33.26747231299992],[-69.91899459099994,-33.26739084099992],[-69.92122176499998,-33.26767638299997],[-69.92385741599998,-33.26852403499998],[-69.92547957299996,-33.27075964499995],[-69.92894351299998,-33.273342442999926],[-69.93007334099997,-33.27498611699996],[-69.93389951099994,-33.27555719799994],[-69.93507062499998,-33.275930106999965],[-69.93649877099995,-33.27598091099996],[-69.93869649999993,-33.27767017599995],[-69.94003005399999,-33.28097917899992],[-69.94183737099996,-33.28378064099997],[-69.94243790499996,-33.28429950799994],[-69.94350390399995,-33.284451793999935],[-69.94432243899996,-33.283766508999975],[-69.94523385799994,-33.28331273299994],[-69.94940769899995,-33.28154989199992],[-69.95046901999996,-33.28337592399998],[-69.95148846099994,-33.28617916899999],[-69.95274481199993,-33.28743552699995],[-69.95435440899996,-33.28778443599999],[-69.95893822999994,-33.29084621999993],[-69.96047691199993,-33.29207019899997],[-69.96159639299998,-33.29257518999998],[-69.96732842799997,-33.29892961599995],[-69.96848448099996,-33.30112014499996],[-69.96826024599994,-33.301852554999996],[-69.96885452899994,-33.303115448999954],[-69.96874510099998,-33.306349027999936],[-69.96890490899995,-33.306441405999976],[-69.96879948499998,-33.30686309999992],[-69.96913448099997,-33.30850808699993],[-69.97021951099998,-33.30987866099996],[-69.97388558299997,-33.31159227799998],[-69.97998179999998,-33.312237958999965],[-69.98201073499996,-33.312988871999956],[-69.98438508099997,-33.31429870399995],[-69.98546372699997,-33.315408451999936],[-69.98720453599998,-33.31598436099996],[-69.98905778799998,-33.31731616899997],[-69.99012717599999,-33.31747702199993],[-69.99113494599999,-33.31794371299998],[-69.99324844699998,-33.31736247199995],[-69.99442493299995,-33.31764934399997],[-69.99618039799998,-33.31966728099996],[-69.99711391799997,-33.31964283999998],[-69.99808773299998,-33.32038644499993],[-70.00025779499998,-33.322670735999964],[-70.00261757399994,-33.322686515999976],[-70.00345579199995,-33.322156780999926],[-70.00469012199994,-33.32046137499998],[-70.00922362499995,-33.31627476899996],[-70.00779595999995,-33.31216305499992],[-70.00859189199997,-33.31108541099996],[-70.00864954499997,-33.309934638999934],[-70.00923965199996,-33.30938260399994],[-70.00985182599999,-33.30810845899996],[-70.009908947,-33.303825428999964],[-70.01154831499997,-33.30113981399996],[-70.01171963599997,-33.29976924399994],[-70.01149120799994,-33.298227351999984],[-70.00627635799998,-33.28547156599995],[-70.00701411899996,-33.28571671599996],[-70.00910160499997,-33.28518026199999],[-70.01082272099995,-33.28315266999993],[-70.01310700999994,-33.28166789299996],[-70.01504864999998,-33.28138236199992],[-70.01710450799999,-33.280468656999965],[-70.01796742699997,-33.279950908999965],[-70.01933168999994,-33.278584129999956],[-70.02149277399997,-33.277705426999944],[-70.02367183499996,-33.27624275199998],[-70.02446544599997,-33.27713490999997],[-70.02744728799996,-33.27686965099996],[-70.02862512099995,-33.27594165899994],[-70.02941034199995,-33.27490659399995],[-70.02992521499993,-33.27378392799994],[-70.03360847999996,-33.27144578699994],[-70.03684202399995,-33.27116052099995],[-70.03834836999994,-33.270589195999946],[-70.03857680199997,-33.26938994699997],[-70.03715530499994,-33.26357782699994],[-70.03626228899998,-33.26121741399993],[-70.03496933899999,-33.25857932499998],[-70.03423981599997,-33.25391026999995],[-70.03305460199994,-33.25220252199994],[-70.03170759799997,-33.251447225999975],[-70.03107494299996,-33.25004060999992],[-70.03011016299996,-33.24924580499993],[-70.02889004599996,-33.248600626999966],[-70.02834549599999,-33.24746580599997],[-70.02805333199996,-33.246382184999945],[-70.02958561999998,-33.240592922999944],[-70.02945399899994,-33.24015129199995],[-70.02865615699996,-33.239584934999975],[-70.02698416099997,-33.23746705799994],[-70.02657883799998,-33.23576554499993],[-70.02697135199998,-33.234421892999926],[-70.02789934699996,-33.23381364799997],[-70.02807003099997,-33.23353961899994],[-70.02789297399994,-33.23281501799993],[-70.02822574399994,-33.23244038099994],[-70.03057436399996,-33.23146466399992],[-70.03200564799994,-33.23132883599994],[-70.03440631899997,-33.23011284899997],[-70.03622154899995,-33.22969802499995],[-70.03888974199998,-33.22832438099993],[-70.04041606399994,-33.22857016099994],[-70.04294943899998,-33.22848960399994],[-70.04561936299996,-33.22790358699996],[-70.04817091899997,-33.22610281199998],[-70.04913603699998,-33.22611014299995],[-70.04993390799996,-33.226619002999925],[-70.05459988799998,-33.22612981199994],[-70.05507414399995,-33.22564556799994],[-70.05554702499995,-33.22291439299994],[-70.05595246699994,-33.22192514299994],[-70.05752561499997,-33.21924956399994],[-70.05788861799994,-33.21790060499994],[-70.05894188099995,-33.21613846699995],[-70.05947726599999,-33.21456141999993],[-70.06206633199997,-33.21073189799994],[-70.06329382999996,-33.20746111799996],[-70.06477034299996,-33.20509151799995],[-70.06496542299993,-33.20032615699995],[-70.06367744399995,-33.19807152099995],[-70.06191848699996,-33.19650354099997],[-70.06080735099994,-33.19521507299993],[-70.06036999299994,-33.19393125899997],[-70.06065484099997,-33.19269971999995],[-70.06244779799994,-33.18949721899998],[-70.06309195299997,-33.18705401699997],[-70.06395935399996,-33.18569398499994],[-70.06389501099994,-33.18461781799994],[-70.06410392099997,-33.18355808899997],[-70.06507474799997,-33.181559343999936],[-70.06553160899995,-33.17990323999992],[-70.06513186199999,-33.179217953999974],[-70.06329319699995,-33.17873556099993],[-70.06106308499994,-33.17742042199994],[-70.05728388199998,-33.17108390999994],[-70.05749106499997,-33.17081594199993],[-70.05872820399998,-33.17038041199992],[-70.06240493399997,-33.16620518899999],[-70.06270175799995,-33.165190595999945],[-70.06349363499999,-33.163946851999974],[-70.06542467499997,-33.15996352699994],[-70.06635659899996,-33.15868050299997],[-70.06753042999998,-33.15557563199997],[-70.06730200699997,-33.15386241899995],[-70.06605089599998,-33.15255579899996],[-70.06400467699996,-33.15113319999994],[-70.06129232599994,-33.150754702999954],[-70.06004940599996,-33.14993779699994],[-70.05846081199998,-33.14954878799995],[-70.05655223699995,-33.148723044999926],[-70.05716671799996,-33.14508949599997],[-70.05702276199997,-33.14381154099994],[-70.05492607299993,-33.14238653899995],[-70.05454878899997,-33.141390759999986],[-70.05271328599997,-33.139281196999946],[-70.05234000199994,-33.13724421399996],[-70.05234000899998,-33.13533370499993],[-70.05396082399994,-33.13387322699996],[-70.05544160899996,-33.13322193399995],[-70.05857893799998,-33.13017087899993],[-70.06122175299998,-33.12926450899993],[-70.06350203299998,-33.127630199999935],[-70.06595161099995,-33.12688470699994],[-70.07101525599995,-33.124046913999955],[-70.07325622399998,-33.123592746999975],[-70.07501267599999,-33.12242512999995],[-70.07592527299994,-33.121082981999976],[-70.07651412099996,-33.11881289199992],[-70.07667275499995,-33.11727654399994],[-70.07416736199997,-33.11473970299993],[-70.07343716499997,-33.11366506199993],[-70.07187070899994,-33.10834809299994],[-70.06991832999995,-33.10697958899993],[-70.06608790399997,-33.10337733399996],[-70.06619663099997,-33.10288226199996],[-70.06709973299996,-33.10145669299993],[-70.06843904499995,-33.100346466999945],[-70.06976259999993,-33.09684116799998],[-70.07137265199998,-33.09499100199996],[-70.07111800899997,-33.09492345599995],[-70.06978905899996,-33.09335302999996],[-70.06951990599998,-33.09175865499998],[-70.06962534599997,-33.091428753999935],[-70.06851173099994,-33.08988166799999],[-70.06820613199996,-33.08889080099992],[-70.06759999799993,-33.08787001699995],[-70.06812016899994,-33.08647778699998],[-70.06914807899994,-33.08502212099994],[-70.06967624899994,-33.08296151599994],[-70.07098022299994,-33.081712481999936],[-70.07099395799997,-33.08111025099996],[-70.07021073099999,-33.07991596199997],[-70.07175955199995,-33.07399682899996],[-70.07335095999997,-33.07080092699992],[-70.07415511799996,-33.06580332599999],[-70.07495485599998,-33.064323236999925],[-70.07809551699995,-33.06231980699994],[-70.08044600799997,-33.05990288399995],[-70.08415829399996,-33.05848806399995],[-70.08608998299997,-33.05652324099997],[-70.08923141899999,-33.05483881199995],[-70.09073938799997,-33.05325958699994]]]}}],"bbox":[-70.4951405,-34.2910233,-69.7696136,-33.0514335],"metadata":{"coordinate_reference_system":"EPSG:4326","coordinate_order":"longitude, latitude"}}